0.5,11.2,80.6,5.1,2,5.7,34,15.2,8.1,37
0.4,12.5,80.2,5.1,1.8,5.8,34.2,16.8,8.3,34.9
0.3,10.6,82.7,5.2,1.2,5.7,33.8,16.3,8.3,35.9
0.4,12.7,80.7,5.2,1.2,5.8,31.7,17.8,9.5,35.2
0.4,11.7,81,5.2,1.7,5.8,33.4,17.5,9.6,33.7
0.3,11.8,80.3,5.1,2.5,5.7,33.9,18.2,8.3,33.9
0.3,11.9,81.1,5.1,1.6,5.9,34.4,17.9,8.6,33.2
0.3,11.6,82.2,4.8,1.1,5.7,33.4,18.5,9.9,32.5
0.3,11.4,81.7,5.1,1.5,5.7,33.7,17.5,8.6,34.5
0.4,12.2,80.8,5,1.6,5.8,34.5,16.2,8.2,35.3
0.4,13.8,78.8,5.2,1.8,5.8,34.7,15.6,9.8,34.1
0.3,11.3,82.2,4.9,1.3,5.2,33.8,16.2,9,35.8
0.3,11,82.4,4.9,1.4,5.8,32.7,17.9,9.2,34.4
0.3,11,82.5,4.8,1.4,5.7,33.1,18.3,8.2,34.7
0.2,11.1,83,4.5,1.2,5.7,32.1,20.3,8.3,33.6
0.357339671,11.52193177,81.45893196,5.144560512,1.517236085,5.717318074,34.0501262,16.26405318,8.121634765,35.84686778
0.360602918,11.49074911,81.45478764,5.139838175,1.554022157,5.71782996,34.17732725,16.19221256,8.088618269,35.82401196
0.354393268,11.61538443,81.43270628,5.15474353,1.442772491,5.721965736,33.73298362,16.45813334,8.256462042,35.83045526
0.354584962,11.59740198,81.439875,5.153002074,1.455135992,5.720731611,33.79049621,16.42194922,8.228543266,35.83827969
0.355505517,11.55817706,81.45267064,5.1489116,1.484735191,5.718494756,33.92064802,16.3414685,8.170290917,35.84909781
0.362872696,11.98970254,81.21296205,5.18374948,1.250713234,5.758982779,32.65194951,17.17317758,8.903734956,35.51215518
0.356720466,11.80268997,81.33358314,5.17037078,1.336635643,5.738744319,33.17426672,16.8217494,8.570137597,35.69510196
0.376394513,11.47267456,81.37377364,5.129026263,1.648131026,5.730686572,34.38164648,16.10721707,8.142256963,35.63819292
0.355399066,11.56134133,81.45182046,5.149260278,1.482178865,5.718646056,33.90984732,16.34806052,8.174820745,35.84862537
0.372192484,11.46769625,81.39982288,5.131015975,1.629272408,5.726501559,34.35756612,16.11049025,8.112270544,35.69317153
0.363985119,11.47531814,81.44274152,5.136474618,1.581480603,5.719680837,34.25686679,16.15115713,8.081541714,35.79075353
0.354802228,11.58447953,81.44457686,5.15170445,1.464436936,5.719916798,33.83256914,16.39570128,8.208899533,35.84291325
0.402706332,11.56398824,81.18306022,5.122019047,1.728226166,5.761576453,34.34651217,16.205448,8.426435911,35.26002746
0.355456567,11.55960724,81.4522911,5.149069681,1.48357541,5.718562383,33.91575851,16.34445054,8.172333899,35.84889467
0.354966615,11.71896077,81.38192856,5.163799603,1.38034445,5.730595626,33.41738085,16.66138766,8.426132952,35.76450292
0.355756934,11.55140895,81.45435489,5.148152025,1.490327203,5.718192619,33.94397204,16.32729523,8.160726792,35.84981332
0.355761901,11.55128392,81.45438418,5.148137806,1.490432186,5.718187329,33.94440591,16.32703242,8.160551813,35.84982253
0.362628214,11.48019138,81.44817896,5.137704612,1.571296835,5.71883533,34.22903541,16.16502284,8.082263902,35.80484252
0.357012008,11.52677587,81.45856191,5.145189968,1.512460246,5.717400664,34.03204804,16.27465577,8.12770409,35.84819143
0.376103855,11.47219702,81.37563661,5.12915182,1.646910695,5.730386707,34.38039274,16.10718041,8.139969123,35.64207101
0.356150676,11.54233616,81.45629194,5.147100855,1.498120363,5.717838925,33.97576967,16.30811986,8.148203991,35.85006755
0.382381594,11.48602176,81.33378826,5.126758236,1.671050151,5.737136876,34.39661636,16.11490425,8.19501251,35.55633001
0.35779407,11.51593454,81.45911447,5.143752902,1.523404013,5.717259904,34.07296496,16.25077519,8.114376414,35.84462353
0.364096224,11.47498229,81.44226731,5.136379633,1.582274544,5.719755003,34.25895006,16.15014672,8.081584076,35.78956415
0.354346206,11.65931844,81.41280943,5.158753461,1.414772459,5.72536285,33.59640697,16.5452389,8.326895669,35.8060956
0.356324138,11.53879676,81.4569353,5.146679244,1.501264557,5.717718916,33.98836041,16.30057772,8.143423047,35.84991991
0.357068635,11.52590366,81.45864194,5.145078008,1.513307751,5.717383649,34.03528089,16.27275408,8.126598832,35.84798255
0.361126291,11.48756963,81.4532869,5.139245925,1.558771258,5.718054503,34.19208655,16.18429398,8.08625119,35.81931377
0.354886907,11.58038769,81.44597586,5.151284337,1.467465206,5.719673177,33.84603995,16.38734089,8.202763076,35.84418291
0.360092691,11.49421263,81.45608368,5.140448536,1.549162465,5.717639504,34.16181184,16.20065197,8.091510725,35.82838596
0.354534026,11.68511801,81.3999068,5.160983071,1.399458086,5.727553244,33.51821489,16.59572823,8.369396007,35.78910763
0.35541862,11.74497062,81.36743533,5.165894807,1.366280616,5.7330425,33.34099715,16.71148516,8.470372831,35.74410236
0.356847053,11.52940781,81.45828691,5.145524376,1.509933846,5.717457364,34.02234822,16.28037587,8.131070375,35.84874817
0.369986708,11.46702935,81.41260368,5.132236873,1.618143393,5.724456517,34.33890491,16.11605347,8.099652792,35.72093231
0.356309595,11.78613676,81.34350372,5.169108919,1.344941013,5.737074945,33.22173492,16.79024078,8.541326224,35.70962314
0.356267389,11.78436899,81.34455371,5.16897319,1.345836721,5.73689819,33.22681969,16.78687081,8.538258291,35.71115302
0.385577824,11.49543148,81.31139355,5.125754505,1.681842642,5.740758329,34.39754657,16.12351755,8.226838241,35.51133931
0.359768064,11.49662528,81.45681235,5.14085582,1.545938491,5.717534669,34.15129302,16.2064349,8.093686969,35.83105044
0.355768408,11.76225257,81.35752577,5.167258212,1.357195042,5.734713286,33.29070452,16.74462124,8.500030574,35.72993038
0.364408559,12.02844224,81.18649687,5.186369016,1.234283322,5.763414394,32.54615815,17.24519652,8.97424954,35.4709814
0.35605239,11.54445539,81.4558752,5.147350057,1.496266958,5.717915825,33.96828317,16.31261845,8.15109589,35.85008666
0.360349414,11.92124027,81.2586524,5.17900921,1.280748709,5.751326056,32.84066172,17.04533674,8.780152303,35.58252318
0.361602276,11.95612021,81.23555911,5.181443259,1.265275144,5.755197043,32.74421661,17.1105659,8.842938201,35.54708225
0.364842741,12.03908586,81.17915659,5.187081635,1.229833172,5.764643171,32.51720412,17.26494751,8.993689512,35.45951569
0.354410367,11.61320219,81.43361109,5.154535778,1.444240578,5.721810384,33.73990539,16.45376126,8.253041476,35.83148148
0.363387349,11.47728239,81.44522073,5.136999926,1.577109602,5.719294092,34.24517126,16.15690448,8.081566526,35.79706365
0.361945028,11.48325548,81.45063648,5.138379239,1.565783782,5.718457326,34.21313265,16.17321118,8.083608302,35.81159053
0.358755454,11.50539006,81.45851665,5.142238575,1.535099261,5.717304537,34.11464463,16.2269244,8.102466869,35.83865957
0.366522479,11.46961343,81.43100963,5.134483517,1.598370938,5.721528111,34.29836075,16.13196674,8.085665505,35.76247889
0.413350588,11.61716552,81.0984567,5.120656202,1.750370987,5.775335599,34.28214439,16.27721282,8.567399643,35.09790755
0.355686074,11.553227,81.45392127,5.148357993,1.488807667,5.71827077,33.93767559,16.33111277,8.163278439,35.84966243
0.355203568,11.73326701,81.37402279,5.164958807,1.372547818,5.731930878,33.37525894,16.68897843,8.450404291,35.75342746
0.386564247,11.49860255,81.30435952,5.125468939,1.685004745,5.741896776,34.39700835,16.12670281,8.237088271,35.49730379
0.358454429,11.50842281,81.45882725,5.14268836,1.531607159,5.71726953,34.10242692,16.23386048,8.105763623,35.84067944
0.364522224,11.4737747,81.44041228,5.136022699,1.585268097,5.720045633,34.26668979,16.14643095,8.081875186,35.78495844
0.369603852,11.46707827,81.41474646,5.132463712,1.616107701,5.724114408,34.33515639,16.11734447,8.097727046,35.72565769
0.356997999,11.52699404,81.45854101,5.145217883,1.51224907,5.717405061,34.03124085,16.27513097,8.127981374,35.84824175
0.359760977,11.4966799,81.45682736,5.140864888,1.54586688,5.717532533,34.15105736,16.206565,8.09373761,35.8311075
0.364762716,11.47314697,81.43934027,5.135826091,1.586923956,5.720213922,34.27089202,16.14444001,8.08212625,35.7823278
0.358205329,11.51110813,81.45900363,5.143076487,1.528606425,5.717254303,34.09177248,16.23994774,8.108774189,35.84225128
0.37740801,11.47447629,81.36721494,5.12860084,1.652299921,5.731742818,34.38559576,16.10761462,8.150453522,35.62459328
0.362414799,11.48110046,81.44896871,5.137910994,1.569605031,5.71871349,34.22421655,16.16748564,8.082606608,35.80697771
0.360911234,11.93712885,81.24818315,5.180123135,1.273653631,5.753081244,32.79664707,17.07507653,8.80870472,35.56649043
0.354663555,11.59220894,81.4418138,5.152485673,1.458828036,5.720396271,33.80732216,16.41142811,8.220603274,35.84025018
0.362144648,11.48231309,81.44994002,5.138177851,1.567424391,5.718564095,34.21792508,16.17072551,8.083139821,35.80964549
0.370431885,11.46703704,81.41008246,5.131978964,1.620469653,5.724859353,34.34306379,16.11467994,8.101995675,35.71540124
0.36437186,11.47418671,81.44107357,5.136147394,1.584220465,5.719941939,34.26400198,16.14771435,8.081749576,35.78659215
0.354364301,11.66296889,81.41103176,5.159073861,1.412561184,5.725665077,33.5852643,16.55240879,8.332864272,35.80379756
0.354810423,11.58406582,81.44472038,5.151662187,1.464741194,5.719891834,33.83392769,16.39485712,8.208277167,35.84304618
0.380267906,11.48060821,81.34822667,5.127495358,1.663401855,5.734805001,34.39350004,16.11080544,8.175262939,35.58562658
0.367450767,11.46841132,81.42631141,5.133835297,1.603991205,5.722273035,34.31080229,16.12669528,8.088595329,35.75163407
0.356026733,11.54502328,81.45575968,5.147416439,1.49577387,5.717937048,33.96628341,16.31382181,8.1518744,35.85008333
0.354917872,11.7157696,81.38366878,5.16353864,1.382105111,5.730301521,33.42681487,16.65522067,8.420740802,35.76692213
0.357091105,11.5255618,81.45867176,5.145033966,1.513641367,5.717377229,34.03655057,16.27200786,8.126167075,35.84789727
0.3583915,11.5090855,81.458879,5.142784988,1.530859008,5.717264456,34.09978393,16.23536724,8.106498949,35.84108542
0.355442791,11.56001723,81.45218086,5.149114849,1.483244279,5.718582001,33.91435924,16.3453046,8.172920906,35.84883325
0.355397407,11.74385879,81.36806557,5.165806343,1.366871895,5.732936185,33.34424471,16.70934942,8.468471672,35.74499801
0.360641304,11.49050362,81.45468321,5.139793623,1.554378241,5.717845469,34.17844782,16.19160747,8.088424907,35.82367433
0.359279297,11.50060277,81.45775113,5.141500306,1.54086649,5.717403798,34.13438739,16.21582412,8.097518015,35.83486667
0.358673672,11.50619226,81.458611,5.142358801,1.534164266,5.717293326,34.11139267,16.22876578,8.10332758,35.83922064
0.359907893,11.49556491,81.45650819,5.14067847,1.547340543,5.717578173,34.15588938,16.20390214,8.092715587,35.82991473
0.354699634,11.59004796,81.44260151,5.152268823,1.460382071,5.720259783,33.81435549,16.40703955,8.217316984,35.84102819
0.354713646,11.70104163,81.39158301,5.162322195,1.390339522,5.728963004,33.47054796,16.62669531,8.395964851,35.77782887
0.37056807,12.17032074,81.08654836,5.195652111,1.176910719,5.780135868,32.16360079,17.50738615,9.235410947,35.31346625
0.386951414,11.49987913,81.30158403,5.125359752,1.686225672,5.742346098,34.39669836,16.12801607,8.241162555,35.49177692
0.362775342,11.47958883,81.44762341,5.137564523,1.572447895,5.718921214,34.2322827,16.16337277,8.082066475,35.80335684
0.398711805,11.54581532,81.21399145,5.122692136,1.718789284,5.756551555,34.36516242,16.18203178,8.37638935,35.31986489
0.363604488,11.47653739,81.44433461,5.136806254,1.578717257,5.719432116,34.24951713,16.15475449,8.081506925,35.79478933
0.355354927,11.56271482,81.45143974,5.149410425,1.48108009,5.7187136,33.90517852,16.35091544,8.176797834,35.8483946
0.381830291,11.4845435,81.33758458,5.126944488,1.669097151,5.736523502,34.39600843,16.11370434,8.189755077,35.56400865
0.397029816,11.53850656,81.22685818,5.123006682,1.714598757,5.754462399,34.37195519,16.17284891,8.355865741,35.34486776
0.36532097,11.4718314,81.43678684,5.135382541,1.590678248,5.720615627,34.28020835,16.14009837,8.082936469,35.77614119
0.354307624,11.63454154,81.4243987,5.156529862,1.430222272,5.72338796,33.67282229,16.4963155,8.286830103,35.82064415
0.371555567,11.46734724,81.40358513,5.131354328,1.626157733,5.72589885,34.35266168,16.11178754,8.108376112,35.70127582
0.358373849,11.50927324,81.45889267,5.142812261,1.530647981,5.717263179,34.09903682,16.23579356,8.106708198,35.84119824
0.36020266,11.49343344,81.45581935,5.140314021,1.550230529,5.717677997,34.16525712,16.19876836,8.09083477,35.82746175
0.358047321,11.51290144,81.45907422,5.143330838,1.526646179,5.717251681,34.08473555,16.24398698,8.11082848,35.84319732
0.366808633,11.46919819,81.42958186,5.134279647,1.600131662,5.721754253,34.30233424,16.13025346,8.086496915,35.75916114
0.359696313,11.90218224,81.27109246,5.177661003,1.289367982,5.749239761,32.89364793,17.00960238,8.746016273,35.60149365
0.361710924,11.48441318,81.45142913,5.138620177,1.563826586,5.718336217,34.20734974,16.17623011,8.084242101,35.81384183
0.355727681,11.55215167,81.45417947,5.148236346,1.489704833,5.718224269,33.94139691,16.32885574,8.161767602,35.84975547
0.366689827,12.08310386,81.14850887,5.189998853,1.211698587,5.769772216,32.39793216,17.34647883,9.074365982,35.41145081
0.377804148,11.4752361,81.36462588,5.128439596,1.653894279,5.732159998,34.38696753,16.10787976,8.153746393,35.61924632
0.374480305,11.46987316,81.38588508,5.129884296,1.639877159,5.728738512,34.3723271,16.10765423,8.127740857,35.6635393
0.360563657,11.49100229,81.45489349,5.139883932,1.553656637,5.717814263,34.17617466,16.19283559,8.088819411,35.82435608
0.355707224,11.75935613,81.35920108,5.167031193,1.358704376,5.734430934,33.29910976,16.73907544,8.495046328,35.73233754
0.358548461,11.50745152,81.45874121,5.14254569,1.532713114,5.717278593,34.10631753,16.23164649,8.104695325,35.84006206
0.356588889,11.53382644,81.45771907,5.146074892,1.5057907,5.717569536,34.00623971,16.28992074,8.136820408,35.8494496
0.354609657,11.59568849,81.44052172,5.152832403,1.456347729,5.720619842,33.79603649,16.41848152,8.225916881,35.83894527
0.356298434,11.53930609,81.45684692,5.146740347,1.500808211,5.717735513,33.98654161,16.30166535,8.144107135,35.84995039
0.379918106,11.47978103,81.35058458,5.127623577,1.662092704,5.734424446,34.39277185,16.11026279,8.17210471,35.5904362
0.356498516,11.79388782,81.33887802,5.169701802,1.341033847,5.73785347,33.19947572,16.80500523,8.554798656,35.70286692
0.354355504,11.66126866,81.41186181,5.158924845,1.413589178,5.725523977,33.59045068,16.54907047,8.330082381,35.80487249
0.411667321,11.60835065,81.11202188,5.120834963,1.747125193,5.773128247,34.29357507,16.26506483,8.544459097,35.12377275
0.355674869,11.55352052,81.45384993,5.14839111,1.488563575,5.7182836,33.93666126,16.33172836,8.163691626,35.84963515
0.390660335,11.51295421,81.27460763,5.124390459,1.697387361,5.746716282,34.3911149,16.14226573,8.281548037,35.43835505
0.367563936,11.4682926,81.42572587,5.133758794,1.604658798,5.722366022,34.31223293,16.12610763,8.088997183,35.75029623
0.356037192,11.54479102,81.45580712,5.14738931,1.495975358,5.717928337,33.96710096,16.31332976,8.15155582,35.85008512
0.36694666,11.46901242,81.42888651,5.134182626,1.600971781,5.721864467,34.30420593,16.12945575,8.086921262,35.7575526
0.356861889,11.52916531,81.4583143,5.145493775,1.510164728,5.717451812,34.02323855,16.27984995,8.13075831,35.84870137
0.355129528,11.57040366,81.44918577,5.15023835,1.475042687,5.719111357,33.87924552,16.36683028,8.187979783,35.84683306
0.354978522,11.57635526,81.44730837,5.150865579,1.470492271,5.719440491,33.85939159,16.37907663,8.19675872,35.84533257
0.396457402,11.53606901,81.23121415,5.123118239,1.713141205,5.753755287,34.37411322,16.16982193,8.348960816,35.35334874
0.358380519,11.5092022,81.45888755,5.142801946,1.530727788,5.717263654,34.09931945,16.23563227,8.106628969,35.84115566
0.357203807,11.52388226,81.45880518,5.144816247,1.515292502,5.717347774,34.04281012,16.26833455,8.124057967,35.84744958
0.356621465,11.53324708,81.45780073,5.146003449,1.506327276,5.717553676,34.0083399,16.28867318,8.136059783,35.84937345
0.375353419,11.47104867,81.38040771,5.129483657,1.643706541,5.729619093,34.37689417,16.10725284,8.134197929,35.65203596
0.358963465,11.50341867,81.45824499,5.141939035,1.537433836,5.717338445,34.12270232,16.22237732,8.100388541,35.83719338
0.384628987,11.49249569,81.31810703,5.126039565,1.678728729,5.739672171,34.39771057,16.12067952,8.217162181,35.52477555
0.38165532,11.48408386,81.33878507,5.127004464,1.668471293,5.736329573,34.39578603,16.11334233,8.188101765,35.56644031
0.35434556,11.62304757,81.42945918,5.155465903,1.437681786,5.722522454,33.70879252,16.47344823,8.268538746,35.82669806
0.354513714,11.60289243,81.43775816,5.153541169,1.451294536,5.721096891,33.77281741,16.4330363,8.237000436,35.83604897
0.355260135,11.56580095,81.45055949,5.149745246,1.478634184,5.718869337,33.89472914,16.35731668,8.181263274,35.84782157
0.360901552,11.48889149,81.45395125,5.139496304,1.556759402,5.717954689,34.18588329,16.18760838,8.087197843,35.82135579
0.372530431,11.46792932,81.39780467,5.130840786,1.6308948,5.72682509,34.3600203,16.1098965,8.114413753,35.68884436
0.368673026,11.46742415,81.41985199,5.13303579,1.611015036,5.723300358,34.32534059,16.12093165,8.093409286,35.73701811
0.356608626,11.79829293,81.33623362,5.170037159,1.338827668,5.738298422,33.18685072,16.81338791,8.562469989,35.69899296
0.413906762,11.62010831,81.09396071,5.120599879,1.751424339,5.776067287,34.27827422,16.28128627,8.575027878,35.08934435
0.385493434,11.49516575,81.31199277,5.125779439,1.68156861,5.740661365,34.39757545,16.123256,8.225970234,35.51253695
0.372502972,11.46790917,81.3979692,5.130854911,1.630763741,5.726798709,34.35982463,16.10994236,8.114237678,35.68919663
0.354905006,11.57956133,81.44625275,5.151198914,1.468082003,5.719624882,33.84876976,16.38564939,8.201529061,35.8444269
0.373011528,11.4683161,81.39490632,5.130596374,1.633169678,5.727289954,34.36334391,16.10915989,8.117553046,35.6826532
0.354557279,11.6874296,81.39871442,5.161179107,1.398119595,5.727755331,33.51126894,16.60023227,8.373237961,35.7875055
0.357262996,11.52302285,81.45886486,5.144703958,1.51614534,5.717334077,34.04602737,16.26645021,8.122986728,35.84720161
0.35738264,11.52133098,81.45896467,5.144481089,1.517840616,5.717309938,34.05239022,16.26273094,8.120894241,35.84667466
0.365589485,11.47126571,81.43552788,5.135175279,1.592441652,5.720814083,34.28448178,16.13814269,8.083433912,35.77312753
0.356737879,11.53122931,81.45806839,5.145752914,1.508211508,5.717501116,34.015682,16.2843191,8.133426274,35.8490715
0.356929067,11.81070097,81.32872684,5.170975795,1.332667321,5.739561112,33.15138473,16.83696859,8.5841331,35.68795247
0.3734388,11.46871199,81.3923082,5.130384055,1.635156956,5.727706894,34.36613366,16.10860916,8.120425153,35.67712513
0.363362859,11.47736875,81.4453196,5.137021981,1.57692681,5.719278707,34.24467389,16.15715157,8.081576993,35.79731884
0.357963206,11.84753615,81.30597321,5.173714142,1.314813293,5.743385142,33.04686585,16.90672111,8.648886417,35.65414148
0.358865963,11.50433067,81.45837786,5.142078347,1.536347159,5.717321608,34.11896276,16.22448483,8.10134333,35.83788747
0.423332022,11.672058,81.0168146,5.119833878,1.767961503,5.788628371,34.20627136,16.35441443,8.707626177,34.94305967
0.361808929,11.48392147,81.45110053,5.138518672,1.564650396,5.718386367,34.20979252,16.17495233,8.083965437,35.81290335
0.354615459,11.59529756,81.44066831,5.152793594,1.45662507,5.720594495,33.79730208,16.41768985,8.225318563,35.83909502
0.368580056,11.46747722,81.42035343,5.133094608,1.610494688,5.723220496,34.3243029,16.12132653,8.093007753,35.73814232
0.367987643,11.46789885,81.42351031,5.133476966,1.60712623,5.72271813,34.31743225,16.12400776,8.090583246,35.74525862
0.370048044,11.46702634,81.41225817,5.13220097,1.618466474,5.724511702,34.3394905,16.11585619,8.099969067,35.72017254
0.35501997,11.72234437,81.38007395,5.164075329,1.378486383,5.730908986,33.40739353,16.6679214,8.431859137,35.76191695
0.39157478,11.51639691,81.26785602,5.124171329,1.700000964,5.747810804,34.38906165,16.1462111,8.291856005,35.42506044
0.363171902,11.4780587,81.44608291,5.137195453,1.575491036,5.719160042,34.24074437,16.15911107,8.081685273,35.79929924
0.354746781,11.70361406,81.39021502,5.162536135,1.388888002,5.72919449,33.46288582,16.63168538,8.400278837,35.77595548
0.36674523,11.46928667,81.42989983,5.134324498,1.599743771,5.721703872,34.30146476,16.13062609,8.086307031,35.75989825
0.359093365,11.50223554,81.45805333,5.141756324,1.538861442,5.717363372,34.12758566,16.21963263,8.099167771,35.83625057
0.354789575,11.58512652,81.44435149,5.15177045,1.463961964,5.719955985,33.83044604,16.39702093,8.209873691,35.84270335
0.355993657,11.54576474,81.45560645,5.147502866,1.495132285,5.717965141,33.96367638,16.31539168,8.152893093,35.85007371
0.360619614,11.49064208,81.45474234,5.139818774,1.554177192,5.717836686,34.17781541,16.19194889,8.088533767,35.82386525
0.373298258,11.46857644,81.39316524,5.13045341,1.634506652,5.727569336,34.36523252,16.10877979,8.119471891,35.67894647
0.378082901,11.4757888,81.36279574,5.128327769,1.655004787,5.732454964,34.38787699,16.10810198,8.156092452,35.61547361
0.360521044,11.49127951,81.45500726,5.139933816,1.553258376,5.717797415,34.17491615,16.19351661,8.089041628,35.82472821
0.409221865,11.59579969,81.13161223,5.12111781,1.742248408,5.76994123,34.30939359,16.24791935,8.511539419,35.16120641
0.369805624,11.46704596,81.41362018,5.132343572,1.617184671,5.724294196,34.33715213,16.11665119,8.098731465,35.72317103
0.367277061,11.46860498,81.42720493,5.133953759,1.602959273,5.722131198,34.30857098,16.12761987,8.087996845,35.75368111
0.362064515,11.48268655,81.45022182,5.138258255,1.566768856,5.718520857,34.21601623,16.17171377,8.083320108,35.81042903
0.355047259,11.57355078,81.44820671,5.150571425,1.472623826,5.719283207,33.86872441,16.37331345,8.192609218,35.84606971
0.40131455,11.55753214,81.19389437,5.122242303,1.725016637,5.75981601,34.35339399,16.19704429,8.408799707,35.280946
0.355798835,11.7636757,81.35670055,5.167369542,1.356455366,5.734852348,33.28657811,16.74734499,8.502481466,35.72874309
0.377174333,11.47404249,81.36873559,5.128697261,1.651350335,5.731497852,34.38474206,16.10748665,8.148534195,35.62773925
0.369964504,11.46703076,81.41272861,5.1322499,1.618026232,5.724436565,34.33869192,16.11612553,8.099538822,35.72120717
0.386729853,11.49914642,81.30317333,5.125422039,1.685528349,5.7420888,34.39688244,16.12726027,8.238827527,35.49494096
0.354897198,11.71438437,81.38442143,5.16342508,1.382871919,5.730174296,33.43091452,16.65254222,8.41840274,35.76796623
0.354599969,11.59635084,81.44027253,5.152898072,1.455878585,5.720662918,33.79389355,16.4198224,8.226931366,35.83868976
0.379662368,11.47918928,81.35230248,5.127718495,1.661127372,5.734147236,34.39219927,16.10989174,8.169816578,35.59394518
0.35619401,11.78126176,81.34639474,5.168734147,1.347415351,5.736588241,33.23576476,16.78094492,8.532870052,35.71383203
0.37074149,11.46708189,81.40831091,5.131803177,1.622062536,5.725142595,34.34583394,16.11380275,8.103688475,35.71153224
0.357182012,11.52420258,81.45878143,5.144857944,1.514976028,5.71735312,34.0416135,16.26903605,8.124458637,35.84753869
0.374050811,11.4693615,81.3885489,5.130087412,1.637951377,5.728310536,34.36987455,16.10798321,8.124671371,35.66916033
0.367778442,11.46808337,81.42460876,5.133615219,1.605914211,5.722543508,34.31489575,16.125025,8.089784263,35.74775148
0.376364419,11.47262429,81.3739669,5.129039187,1.648005201,5.73065546,34.38151924,16.10721163,8.142018758,35.63859491
0.362953661,11.47888415,81.44693834,5.137397058,1.573826794,5.719027307,34.23613911,16.16142354,8.081868335,35.8015417
0.357002531,11.52692336,81.45854782,5.145208844,1.512317443,5.71740363,34.03150227,16.27497705,8.127891515,35.84822553
0.38554797,11.49533737,81.31160557,5.125763317,1.681745767,5.74072402,34.3975571,16.12342482,8.226531018,35.51176304
0.354302756,11.63970733,81.42205545,5.157000965,1.4269335,5.723787996,33.65676979,16.50655534,8.295115213,35.81777166
0.354849363,11.58215365,81.44537772,5.15146623,1.466153035,5.719777416,33.84021686,16.39095216,8.2054062,35.84364736
0.357442272,11.82950857,81.31719289,5.172382567,1.323473698,5.741500105,33.09788155,16.87262809,8.617116084,35.67087418
0.359960383,11.49517522,81.45639017,5.140612652,1.547861573,5.717595157,34.1575889,16.20296791,8.092364378,35.82948366
0.364957313,11.47266637,81.43846029,5.135669482,1.588246537,5.72035223,34.27420765,16.14288308,8.082373324,35.78018372
0.357698616,11.51713219,81.45910466,5.143916918,1.522147614,5.71726726,34.06835989,16.25344144,8.115801184,35.84513023
0.354668197,11.59192398,81.44191832,5.152457145,1.459032354,5.720378168,33.80824854,16.41084976,8.220169311,35.84035422
0.357615254,11.83560106,81.31341852,5.172834361,1.320530812,5.742134361,33.08061221,16.8841592,8.627836551,35.66525768
0.354385013,11.61651803,81.43223271,5.154851085,1.442013164,5.722047005,33.72939389,16.46040253,8.258242209,35.82991436
0.357567301,11.83392333,81.31445969,5.172710133,1.321339545,5.741959412,33.08536483,16.88098477,8.624882686,35.66680831
0.358987709,11.50319512,81.45821047,5.141904686,1.537702008,5.717342884,34.12362219,16.22185965,8.10015631,35.83701896
0.35430286,11.64193461,81.42103268,5.157202807,1.42552704,5.723962474,33.64986913,16.51096359,8.298699071,35.81650573
0.356378081,11.78897631,81.34181321,5.169326539,1.343505851,5.737359493,33.21357367,16.79565185,8.546257911,35.70715708
0.360869294,11.48908648,81.4540442,5.139532718,1.556467312,5.717940773,34.18497664,16.1880945,8.087342165,35.82164592
0.354408317,11.67014417,81.40748982,5.159698726,1.408258969,5.726266798,33.5634412,16.56647589,8.344640769,35.79917535
0.355249293,11.56616671,81.45045295,5.1497847,1.478346352,5.718888151,33.89349436,16.35807413,8.181794578,35.84774878
0.395150815,11.53060377,81.24111173,5.123381825,1.709751854,5.752148914,34.37873427,16.16310724,8.333357738,35.37265184
0.394102942,11.52632346,81.24900237,5.123602535,1.706968698,5.750868607,34.38212288,16.1579248,8.32100874,35.38807497
0.37055597,11.46705119,81.4093742,5.131908164,1.621110475,5.724972574,34.34418586,16.11432082,8.102667991,35.71385276
0.355086079,11.57203933,81.44868083,5.150411863,1.473781898,5.719200047,33.87377085,16.37020196,8.190382225,35.84644492
0.355633605,11.5546163,81.4535804,5.148514413,1.487655277,5.718332011,33.93287976,16.33402481,8.165237159,35.84952626
0.354873854,11.71279567,81.38528257,5.163294626,1.383753277,5.730028716,33.43561976,16.64946921,8.415723184,35.76915913
0.367654554,11.4682017,81.4252551,5.133697913,1.605190732,5.722440806,34.3133656,16.12564532,8.089325664,35.74922262
0.354531953,11.68490703,81.40001536,5.160965149,1.399580516,5.727534843,33.51884934,16.59531698,8.369045597,35.78925324
0.360493419,11.49146059,81.45508039,5.139966279,1.552999326,5.717786599,34.17409604,16.1939608,8.08918788,35.82496868
0.354495701,11.60444281,81.4371485,5.153692174,1.450220815,5.721201945,33.76784499,16.43616054,8.239399648,35.83539287
0.356121375,11.54295886,81.45617187,5.147174323,1.497573565,5.71786114,33.97356594,16.309443,8.149051514,35.8500784
0.375510671,11.471279,81.37941267,5.129413187,1.644384476,5.729779141,34.37765917,16.1072173,8.135390735,35.64995365
0.355106648,11.57125787,81.44892314,5.150329075,1.474383266,5.719157503,33.87638467,16.36859168,8.189233438,35.84663271
0.381794451,11.48444897,81.33783065,5.126956739,1.668969193,5.736483749,34.39596404,16.11362944,8.189415819,35.56450695
0.355087008,11.57200372,81.44869191,5.150408095,1.47380926,5.719198102,33.87388988,16.37012861,8.190329841,35.84645357
0.355133657,11.57025115,81.44923242,5.150222126,1.475160653,5.719103157,33.87975672,16.36651566,8.187756179,35.84686829
0.357537137,11.51923124,81.45905457,5.144201,1.519976052,5.717285415,34.06034337,16.25809636,8.118328841,35.84594601
0.386831843,11.49948299,81.30244207,5.125393302,1.685849796,5.742207184,34.39679992,16.12760677,8.239901245,35.49348488
0.355082663,11.57217036,81.44864001,5.150425724,1.473681239,5.719207211,33.87333289,16.37047185,8.190575024,35.84641302
0.361056517,11.48797326,81.45349626,5.139323046,1.558150914,5.718022986,34.19018158,16.18530962,8.086534233,35.81995158
0.354303815,11.64364231,81.42024355,5.157357054,1.424453272,5.724097042,33.64458647,16.51434077,8.301451489,35.81552423
0.354303138,11.63870434,81.42251361,5.156909823,1.427569097,5.723709813,33.65988128,16.50456891,8.293503597,35.8183364
0.360377065,11.9220326,81.25813238,5.179064972,1.280392979,5.75141325,32.83846343,17.0468209,8.781574187,35.58172823
0.373892894,11.46918482,81.38952308,5.130163131,1.637236075,5.728154071,34.3689374,16.10812677,8.123561145,35.67122061
0.392883384,11.52146226,81.25813055,5.123870321,1.703653489,5.749387898,34.38569478,16.15213075,8.30682928,35.4059573
0.36239862,11.48117111,81.44902779,5.137926797,1.569475685,5.718704389,34.22384588,16.16767577,8.08263537,35.8071386
0.358532986,11.86628662,81.29414552,5.175082872,1.305952002,5.745371279,32.99406295,16.94209707,8.682080532,35.63638817
0.426350405,11.68944587,80.99176422,5.119656676,1.772782829,5.792709313,34.18089486,16.37931336,8.751291373,34.89579109
0.376091172,11.47217659,81.37571772,5.129157336,1.646857185,5.730373654,34.38033677,16.10717962,8.139869946,35.64224001
0.36325135,11.47776804,81.44576699,5.137122953,1.576090667,5.719209132,34.24239041,16.1582887,8.081634438,35.79847733
0.35609823,11.77713763,81.34882914,5.168415937,1.349519068,5.736178326,33.24765223,16.77307479,8.525727021,35.71736763
0.376500543,11.4728532,81.373092,5.128980862,1.648573395,5.730796306,34.38209013,16.1072392,8.143098669,35.6367757
0.355692987,11.55304676,81.45396489,5.148337639,1.488957721,5.718262921,33.93829875,16.33073466,8.163024887,35.84967879
0.361056691,11.48797225,81.45349574,5.139322854,1.558152461,5.718023064,34.19018634,16.18530708,8.086533517,35.81995
0.36293414,11.47895995,81.44701395,5.137415269,1.573676689,5.719015587,34.23572109,16.16163428,8.081887868,35.80174117
0.363020684,11.47862637,81.44667759,5.137334756,1.574340595,5.719067737,34.23756665,16.16070492,8.081805252,35.80085544
0.411705778,11.60855047,81.11171268,5.120830737,1.747200337,5.773178556,34.29331875,16.26533929,8.544980707,35.1231827
0.354813205,11.58392633,81.44476867,5.151647927,1.464843875,5.719883434,33.83438592,16.39457244,8.208067421,35.84309078
0.3675452,11.46831185,81.425823,5.133771423,1.604548525,5.722350596,34.31199732,16.12620413,8.088930008,35.75051795
0.365724275,11.47099746,81.43488868,5.135072662,1.593316921,5.720914932,34.28657831,16.13719206,8.083708872,35.77160583
0.365013002,11.47253324,81.43820644,5.135625063,1.588622254,5.720392154,34.2751429,16.14244621,8.082451095,35.77956764
0.377125004,11.4739523,81.36905595,5.128717741,1.651149004,5.731446248,34.38455755,16.10746237,8.148131252,35.62840258
0.357247056,11.5232528,81.45884947,5.144734062,1.515916613,5.717337649,34.04516559,16.26695471,8.123272812,35.84726924
0.365659428,11.47112522,81.43519679,5.135121913,1.592896652,5.720866313,34.28557369,16.13764685,8.083574515,35.77233864
0.355541289,11.55715706,81.45293644,5.148798358,1.485566854,5.718447305,33.92414326,16.33933906,8.168838406,35.84923196
0.359468539,11.89536734,81.27550825,5.177175552,1.292480319,5.748499002,32.91264827,16.996807,8.733840716,35.60820502
0.35431434,11.65020128,81.41717386,5.157945507,1.420365011,5.724620119,33.62436064,16.52729086,8.31205933,35.81166905
0.35455768,11.68746866,81.39869422,5.161182415,1.398097018,5.727758754,33.51115163,16.60030836,8.373302939,35.78747832
0.356427251,11.53680302,81.45726715,5.146438614,1.503063966,5.717656203,33.99550339,16.29631247,8.140758328,35.8497696
0.357071769,11.52585584,81.45864617,5.145071852,1.513354369,5.717382742,34.03545841,16.27264972,8.126538387,35.84797074
0.365446218,11.47156228,81.43620201,5.135285388,1.591504106,5.720707786,34.28221795,16.13917576,8.083160062,35.77473844
0.38817702,11.50403433,81.29274566,5.125024455,1.690018533,5.743777343,34.39536449,16.13239843,8.254242828,35.47421692
0.354457432,11.60803058,81.43571836,5.154039634,1.447753991,5.721448151,33.75637015,16.44337989,8.244969743,35.83383207
0.357259874,11.82295715,81.32123114,5.171894642,1.326657194,5.74082137,33.11648519,16.86021746,8.60560742,35.67686856
0.378470632,11.47658184,81.36023898,5.128174421,1.656534132,5.732867136,34.38906704,16.10845895,8.159394577,35.61021229
0.380036918,11.4800597,81.34978475,5.127579819,1.662538811,5.734553526,34.39302625,16.11044259,8.173173757,35.58880387
0.415196879,11.62699062,81.08350592,5.120474317,1.753832266,5.777768888,34.26912363,16.29084576,8.592812326,35.0694494
0.368100901,11.46780685,81.42291201,5.133402834,1.607777409,5.722813283,34.31878103,16.12347265,8.091028473,35.74390456
0.387857509,11.5029347,81.29505731,5.12511038,1.689040103,5.743402948,34.39576286,16.13122363,8.2508066,35.47880396
0.361433786,11.48586054,81.45233223,5.138912371,1.561461071,5.718198852,34.20026587,16.17995596,8.085115888,35.81646344
0.360958175,11.48855245,81.45378662,5.139432677,1.557270076,5.717979369,34.18746477,16.18676146,8.086949701,35.8208447
0.390803675,11.51348844,81.2735518,5.124355619,1.69780047,5.746887428,34.3908098,16.14287348,8.283155142,35.43627415
0.363866104,11.47568781,81.44324495,5.136577265,1.580623871,5.719602164,34.25460452,16.15225908,8.08151226,35.79202198
0.35796451,11.84758012,81.30594565,5.173717371,1.31479234,5.743389771,33.04674171,16.90680418,8.648964093,35.65410025
0.354553082,11.59974715,81.438979,5.153233182,1.453487584,5.720886325,33.7829314,16.42668939,8.23214801,35.83734487
0.361947073,11.48324562,81.45062944,5.138377157,1.565800716,5.718458403,34.21318238,16.17318532,8.083603173,35.81157073
0.377704374,11.47504186,81.36527929,5.128479949,1.653494519,5.732054701,34.38663087,16.10780733,8.152912439,35.62059466
0.378904581,11.4775021,81.35736244,5.128005757,1.658225121,5.733330986,34.39029786,16.10892302,8.163142745,35.60430538
0.354894906,11.71422955,81.38450545,5.163412376,1.382957721,5.730160093,33.4313729,16.65224279,8.418141515,35.7680827
0.355122757,11.57065484,81.44910879,5.150265052,1.474848561,5.719124887,33.87840389,16.36734835,8.188348188,35.84677468
0.360346227,11.49244381,81.45546159,5.140140912,1.551607466,5.71773041,34.1696695,16.19636388,8.089996673,35.82623954
0.369224743,11.46717934,81.41684412,5.132693102,1.614058692,5.723779754,34.33128174,16.11872682,8.095904609,35.73030708
0.354303915,11.63754421,81.42304164,5.156804207,1.428306031,5.723619687,33.66348339,16.50227023,8.291641263,35.81898544
0.391440242,11.5158853,81.26885169,5.124203106,1.69961966,5.747649376,34.38937949,16.14562058,8.290331276,35.42701928
0.376775317,11.473327,81.37132057,5.128864194,1.649712911,5.731081527,34.3832062,16.10731801,8.145297348,35.63309692
0.358201884,11.51114646,81.45900552,5.143081962,1.528564175,5.717254186,34.09162145,16.24003428,8.108817739,35.84227234
0.368486362,11.46753422,81.42085716,5.133154203,1.609968054,5.723140288,34.3232462,16.12173146,8.092608766,35.73927328
0.366782348,12.08526034,81.14699593,5.190140591,1.210820791,5.770025358,32.39210749,17.35046716,9.078329445,35.40907055
0.373638292,11.46891321,81.39108763,5.13028641,1.636074459,5.72790284,34.36738551,16.10838439,8.121792416,35.67453484
0.356327356,11.53873335,81.4569462,5.146671626,1.50132147,5.717716865,33.98858703,16.30044224,8.143337967,35.84991589
0.383939133,11.49043474,81.32295433,5.126253482,1.67641831,5.738888202,34.3976026,16.11876123,8.210245,35.53450298
0.355402148,11.56124684,81.4518464,5.149249922,1.482254699,5.718641449,33.91016896,16.34786395,8.174684957,35.84864068
0.357383227,11.52132283,81.4589651,5.144480009,1.517848841,5.717309831,34.05242098,16.26271298,8.120884209,35.84667199
0.356943596,11.52785054,81.4584556,5.145327128,1.511423129,5.717422859,34.02807749,16.27699469,8.129073062,35.8484319
0.354526784,11.68437716,81.40028777,5.160920119,1.399888174,5.727488666,33.52044302,16.59428405,8.368165781,35.78961848
0.35434677,11.6594421,81.41274949,5.158764343,1.414697296,5.725373044,33.59602905,16.54548194,8.327097602,35.80601836
0.355191598,11.56816105,81.44986396,5.149999001,1.476784394,5.718992017,33.88677504,16.36219975,8.184699007,35.84733418
0.357481585,11.5199756,81.45902713,5.144300746,1.519214941,5.7172934,34.05751664,16.25974175,8.119234162,35.84621405
0.382016023,11.48503646,81.33630793,5.126881281,1.669758307,5.736729752,34.39622887,16.1140986,8.191518183,35.56142459
0.368835274,11.46733982,81.41897311,5.132933895,1.611917901,5.723440374,34.32712593,16.12025888,8.094123295,35.73505153
0.362049038,11.48275942,81.45027591,5.138273852,1.56664178,5.718512564,34.21564527,16.1719061,8.083356122,35.81057994
0.355254513,11.7361325,81.37241959,5.165188967,1.37100443,5.732201492,33.36685449,16.69449413,8.45528426,35.75116563
0.388066195,12.02049386,80.56589105,5.146774037,1.878774864,5.727415967,34.47485194,16.14973438,8.431810936,35.21618678
0.347155884,12.3254822,80.18247471,5.171030225,1.973856987,5.657737765,34.76730653,15.924208,8.092799343,35.55794837
0.291304579,12.70446103,79.685113,5.212729509,2.106391888,5.568076449,35.27262611,15.5001974,7.518857259,36.14024279
0.263683322,12.90505021,79.45296241,5.220861589,2.157442468,5.517891511,35.38972312,15.436491,7.363350792,36.29254358
0.259483248,12.9342757,79.41474633,5.223985465,2.167509261,5.511128187,35.42717626,15.40544107,7.321026925,36.33522755
0.245404693,13.03117533,79.29318371,5.232300019,2.197936247,5.487611519,35.53139632,15.32452317,7.198595555,36.45787343
0.242424962,13.04604387,79.28713451,5.228785239,2.195611416,5.480691757,35.50293829,15.36186948,7.217577268,36.43692321
0.227020742,13.16329571,79.11469601,5.248552493,2.246435055,5.458935449,35.71892498,15.1635502,6.992942711,36.66564665
0.176064444,13.5488658,78.57898116,5.30105513,2.39503347,5.381737697,36.30225986,14.64965108,6.369939479,37.29641188
0.161060725,13.65495316,78.44875644,5.308855212,2.426374461,5.356212067,36.40102825,14.57815302,6.252410323,37.41219634
0.136541075,13.83957233,78.20269188,5.329820934,2.491373786,5.31741693,36.63869457,14.37875412,5.992811391,37.67232299
0.12033715,13.95672514,78.05296626,5.340838014,2.529133427,5.29090327,36.76956967,14.27580451,5.84430825,37.8194143
0.114771663,14.00413875,77.98372135,5.348370742,2.548997504,5.282968435,36.84855735,14.20344389,5.763784663,37.90124566
0.101832831,14.11235039,77.82828793,5.364626962,2.592901887,5.264112529,37.02049354,14.04795813,5.586823084,38.08061273
0.091164381,14.20148763,77.70092462,5.377760771,2.628662596,5.248460521,37.1595301,13.92275499,5.443404394,38.22585
0.078460691,14.29702676,77.57610688,5.387648907,2.660756758,5.22804507,37.27280617,13.83097792,5.318405957,38.34976488
0.064230278,14.41766399,77.40349678,5.405439312,2.709169643,5.207196253,37.46010329,13.66217775,5.125965918,38.54455678
0.062780423,14.42873754,77.38891328,5.406624422,2.712944335,5.204883151,37.47351261,13.6512075,5.111314895,38.55908184
0.055633322,14.4906734,77.29927384,5.416108584,2.738310851,5.194563024,37.57237809,13.56118694,5.010554712,38.66131724
0.054837047,14.48368,77.32255784,5.410422167,2.728502945,5.191441602,37.52275759,13.61772084,5.05205063,38.61602934
0.02508231,14.75004789,76.93121465,5.453150447,2.840504705,5.149326464,37.96262122,13.21213956,4.608606955,39.0673058
0.022553957,14.753568,76.94340915,5.447624495,2.832844397,5.14312759,37.91793401,13.26817579,4.642511879,39.02825074
0.010883404,14.85900499,76.78871113,5.464403345,2.87699713,5.126561148,38.09026018,13.10944412,4.469090437,39.20464411
0.010153528,14.85838077,76.79586319,5.462145753,2.873456763,5.12460988,38.07147965,13.13214826,4.483943935,39.18781828
0.009152783,14.86489052,76.78847273,5.462438542,2.875045428,5.122875494,38.07601222,13.12984821,4.477967993,39.19329608
0.007531738,14.87562271,76.77603682,5.463012039,2.877796686,5.120096789,38.08424413,13.12514385,4.467505398,39.20300984
0.19886923,11.18148783,82.97953223,4.419778228,1.220332484,5.770372103,32.00229811,21.02685016,7.904081587,33.29639804
0.237283337,10.70742728,83.40991485,4.464325586,1.18104895,6.008946257,32.02418193,20.77131004,7.604329857,33.59123191
0.089842568,13.01897471,80.82542607,4.635959852,1.429796801,4.379051836,32.76526791,18.76454615,10.60983231,33.48130178
0.066890445,13.43357813,80.3440558,4.685019367,1.470456259,4.051016519,32.91614861,18.24998152,11.29157104,33.49128231
0.056232194,13.6271934,80.12283783,4.706049129,1.487687453,3.896975565,32.97772658,18.02478569,11.61735877,33.48315339
0.01818177,14.82229847,78.6226446,4.945780236,1.591094929,2.782154901,33.51805483,15.74372085,14.34309496,33.61297445
0.025138615,14.70573739,78.73445856,4.943961469,1.590703963,2.88057463,33.52920437,15.79596673,14.11120885,33.68304542
0.018190168,14.85226024,78.58436245,4.953101861,1.592085279,2.749186284,33.52788593,15.67630117,14.43812469,33.60850192
0.017292174,14.87252872,78.56347214,4.954522441,1.592184517,2.730604291,33.52762888,15.65847833,14.48529499,33.59799352
0.027712603,14.69117925,78.73877683,4.950417929,1.591913394,2.886280303,33.5440758,15.75021221,14.11297401,33.70645767
0.023296277,14.7849112,78.64269285,4.956316478,1.592783198,2.802099537,33.54330785,15.67320399,14.3226869,33.65870173
0.03018092,14.67886136,78.74099969,4.956839454,1.593118581,2.890219911,33.55846837,15.70419554,14.1191587,33.72795748
0.029325424,14.69887729,78.72000516,4.958423092,1.59336904,2.871928051,33.55897313,15.68521898,14.16543872,33.71844112
0.031583659,14.65940842,78.75831879,4.957435531,1.593253599,2.90586674,33.56215193,15.70601467,14.08438048,33.74158618
0.033320694,14.64561666,78.76655729,4.960624415,1.59388094,2.914301272,33.57027009,15.68583362,14.07258284,33.75701219
0.058551091,14.2258878,79.17333271,4.952149194,1.590079202,3.267852254,33.5970476,15.89197225,13.25025658,33.99287132
0.058610674,14.2320222,79.16466397,4.953978532,1.590724617,3.261647876,33.60078314,15.87597763,13.26765222,33.99393914
0.051692675,14.37022023,79.0214855,4.962493031,1.594108572,3.141908768,33.60664004,15.76418743,13.55489082,33.93237294
0.048533366,14.4422395,78.94527737,4.968216929,1.595732836,3.077510979,33.6109,15.69594259,13.7146492,33.90099724
0.048825795,14.45193661,78.93115923,4.9715383,1.596540067,3.066671054,33.61669309,15.66725021,13.74734228,33.90204336
0.042217961,14.58784554,78.79326524,4.979091177,1.597580088,2.945244143,33.6139473,15.5628592,14.04771284,33.83023651
0.046642736,14.51477322,78.86258889,4.978156936,1.597838223,3.008065853,33.62213575,15.59511976,13.89903196,33.87564668
0.05081902,14.44752608,78.9261399,4.977534251,1.597980748,3.065407409,33.6295893,15.62304583,13.76479548,33.91716198
0.056882043,14.35684136,79.00994268,4.978013691,1.598320224,3.141377199,33.64163983,15.65081371,13.59130126,33.974868
0.046863,14.56417734,78.79987923,4.989468373,1.599612055,2.955445565,33.63669984,15.49165372,14.05239494,33.86380594
0.044063473,14.62383692,78.74005764,4.992654595,1.59938737,2.900860268,33.63317924,15.44651767,14.19041276,33.82903005
0.048696264,14.54213828,78.81825503,4.990830479,1.600079948,2.973057941,33.64246981,15.48897007,14.01489936,33.88060281
0.048083328,14.55601714,78.80410935,4.991711114,1.600079062,2.960279075,33.64200006,15.47741148,14.04744537,33.87286401
0.048157659,14.56212956,78.79627427,4.993187957,1.60025056,2.953570942,33.64372983,15.46402662,14.06751663,33.87115597
0.054593059,14.44835176,78.90581527,4.990369435,1.600870479,3.053844881,33.65504723,15.52534935,13.82471334,33.94104521
0.050481006,14.53834424,78.81450207,4.99571653,1.600956151,2.971622459,33.65189396,15.4531601,14.03239077,33.89093272
0.043506242,14.69556884,78.65689532,5.00464395,1.599385647,2.824955939,33.6402408,15.32966048,14.40998335,33.79515943
0.05243467,14.54227397,78.80086691,5.002475632,1.601948825,2.961534086,33.6630777,15.40052664,14.07667085,33.89819073
0.053831498,14.51929808,78.82232953,5.0022703,1.602270588,2.981735898,33.6664114,15.41025756,14.02819177,33.91340337
0.06306671,14.35582437,78.97945376,4.998211262,1.603443902,3.126648038,33.68310242,15.49914744,13.67655836,34.01454375
0.062260859,14.37365714,78.96122761,4.999324285,1.603530109,3.110412788,33.68279736,15.48442856,13.71741546,34.00494583
0.062963528,14.36493888,78.96864009,4.99974352,1.603713979,3.117579561,33.68483072,15.48441285,13.7018766,34.01130026
0.067998119,14.27757296,79.05292723,4.997580053,1.603921634,3.194227387,33.69222945,15.53193447,13.51830963,34.06329906
0.058803161,14.4801324,78.84745791,5.009577922,1.604028614,3.008776176,33.6852448,15.36923648,13.98698822,33.94975432
0.060666253,14.44938194,78.87618065,5.009269607,1.604501553,3.035994787,33.68970327,15.38266183,13.92150508,33.97013503
0.056758162,14.54852251,78.77518911,5.016075956,1.603454268,2.941728102,33.68381714,15.29561034,14.16888598,33.90995844
0.054509094,14.59980625,78.72456431,5.018714644,1.602405696,2.893053047,33.67806475,15.25708346,14.29581045,33.87598829
0.056406572,14.5652308,78.75714977,5.017991659,1.603221198,2.924727327,33.68356148,15.27511117,14.21663865,33.89996136
0.067197547,14.37246001,78.93992443,5.013824071,1.606593945,3.099225128,33.70990215,15.3766619,13.78631797,34.02789285
0.068227708,14.35899752,78.95158995,5.014278777,1.606906046,3.11063443,33.71282433,15.37821996,13.76081753,34.03750375
0.07108812,14.31679338,78.98983966,5.014621711,1.607657132,3.147325341,33.71996018,15.39119516,13.67549274,34.06602659
0.069690699,14.34768417,78.95876901,5.016352726,1.607503402,3.118779943,33.71828879,15.36700017,13.74809412,34.04783698
0.065888928,14.44152592,78.86351718,5.02248092,1.606587052,3.030028121,33.7127256,15.28686482,13.97956041,33.99082105
0.079412738,14.20165465,79.09222002,5.016829693,1.609882904,3.246361602,33.74107023,15.41764204,13.45031363,34.1446125
0.082095926,14.15816812,79.13318375,5.016258146,1.610294058,3.284683641,33.74598275,15.43807265,13.359591,34.17166996
0.081501748,14.18009091,79.10900568,5.018712036,1.610689627,3.263933835,33.7478067,15.41196077,13.41486412,34.16143457
0.091802232,14.00087846,79.28258149,5.013717849,1.611019971,3.422469478,33.76038899,15.5156802,13.03598379,34.26547755
0.090537249,14.02745406,79.25534312,5.01529659,1.61136899,3.398751985,33.76072098,15.49424356,13.09418542,34.25209805
0.091211451,14.01836957,79.26344456,5.015466656,1.611507764,3.406533977,33.76217837,15.49645792,13.07682268,34.25800705
0.100601773,13.85971547,79.41795181,5.011040463,1.610690486,3.544804558,33.76919785,15.58855933,12.75295189,34.34448637
0.099097708,13.8982844,79.37613974,5.014501306,1.611976851,3.510580391,33.77344114,15.54913096,12.83799565,34.32885186
0.107393717,13.76023592,79.51117426,5.010550829,1.61064527,3.629899012,33.77702797,15.63028291,12.56201244,34.40077767
0.102131776,13.87537014,79.38992758,5.018720108,1.613850398,3.528942066,33.78561362,15.52796148,12.80664048,34.35084235
0.102174944,13.87984483,79.38401146,5.019731701,1.614237067,3.524741937,33.78746607,15.51905781,12.81860623,34.35012794
0.101423705,13.89733342,79.36558087,5.021031736,1.614630277,3.509140618,33.78851896,15.50306116,12.85719039,34.34208887
0.102817446,13.87902545,79.38182928,5.021399434,1.614928389,3.524906513,33.79137908,15.50756574,12.82234803,34.35380063
0.107057735,13.81164098,79.44630527,5.020139257,1.614856763,3.583632813,33.79551175,15.54273556,12.68674017,34.3913797
0.110646062,13.76411923,79.48891684,5.020871254,1.615446606,3.624535123,33.80190586,15.55625503,12.59669037,34.42061362
0.110097676,13.77604886,79.47639519,5.021696217,1.615762053,3.614055181,33.80274022,15.54578241,12.62207526,34.41534693
0.11546023,13.68810997,79.5622198,5.019251407,1.614958588,3.690296408,33.80475286,15.59759812,12.44660331,34.4607493
0.114905597,13.70194965,79.54713704,5.020482384,1.615525333,3.67823749,33.80662917,15.58355216,12.4760445,34.45553669
0.114766768,13.70617439,79.54238114,5.020942207,1.615735492,3.67453716,33.80739686,15.57867904,12.4852834,34.45410353
0.113974096,13.72748032,79.51894635,5.022974976,1.616624264,3.655847159,33.81045937,15.55608283,12.53149458,34.44611606
0.113907854,13.74596225,79.49554891,5.026433798,1.618147195,3.639252828,33.81705368,15.52468376,12.57668043,34.44232931
0.114333961,13.74403682,79.49585921,5.027234088,1.61853592,3.640791713,33.81916276,15.51989766,12.5751299,34.44501796
0.122789047,13.60750791,79.62860372,5.0236568,1.617442519,3.759463404,33.82247178,15.59949871,12.30306731,34.5154988
0.123957041,13.5922657,79.64235062,5.023843932,1.617582709,3.77261649,33.82413965,15.60439686,12.27448545,34.52436155
0.125394838,13.57428727,79.65826458,5.024222233,1.61783107,3.788137025,33.82648415,15.60912422,12.24113934,34.53511527
0.129219629,13.51351974,79.71779074,5.022521445,1.616948448,3.840366815,33.82630997,15.64551904,12.1234534,34.56435078
0.131721609,13.47250901,79.75861955,5.021072424,1.616077401,3.87539804,33.82500043,15.67216323,12.04459411,34.58284419
0.128750884,13.53231484,79.69549879,5.025056359,1.61837912,3.824402577,33.83171815,15.62062178,12.16333053,34.55992696
0.129163221,13.54073124,79.68225586,5.027888556,1.619961125,3.817348444,33.83851661,15.59797933,12.18457772,34.56157789
0.130491991,13.52903206,79.69056339,5.029179859,1.620732696,3.82760555,33.84275596,15.59409763,12.16474894,34.57079192
0.126353451,13.61624927,79.59889957,5.035058687,1.623439022,3.751772829,33.85051177,15.5182167,12.34535609,34.53414261
0.12702754,13.61357209,79.59895302,5.036320608,1.624126737,3.754118898,33.85389537,15.51078225,12.34308321,34.53812027
0.115413744,13.86878469,79.33685818,5.05205625,1.626887143,3.523117737,33.85832731,15.29764433,12.91439341,34.4065172
0.117697155,13.83009946,79.3735428,5.051169707,1.627490884,3.55857005,33.8622377,15.31977017,12.82894253,34.43047955
0.119047637,13.80904773,79.39311463,5.050918054,1.627871949,3.577722109,33.86470107,15.33024479,12.78373306,34.44359897
0.119958264,13.80062365,79.3993699,5.051686882,1.628361298,3.585119133,33.86746765,15.32850253,12.76903897,34.44987171
0.123674087,13.73853376,79.45851448,5.050209031,1.629068637,3.641618898,33.8726598,15.36455039,12.63427542,34.48689549
0.125864037,13.70515578,79.48962682,5.049813802,1.629539562,3.671765467,33.87599279,15.38126984,12.56409648,34.50687542
0.125458105,13.71637475,79.47768523,5.050739339,1.629742574,3.66151249,33.87665236,15.37028729,12.59024449,34.50130337
0.123492352,13.77309245,79.41747489,5.055448382,1.630491934,3.609062176,33.87910209,15.31447874,12.72563194,34.47172506
0.126601171,13.72885764,79.4575139,5.055475959,1.631551329,3.64934166,33.88530271,15.33304921,12.63260038,34.49970604
0.127486013,13.71381946,79.47190129,5.055073785,1.631719458,3.663094678,33.88645925,15.34215881,12.59967485,34.50861241
0.128127284,13.72429644,79.45652572,5.058223507,1.632827046,3.652940755,33.89173136,15.3165241,12.63304046,34.50576333
0.132325878,13.65658696,79.52041042,5.056867342,1.6338094,3.714916132,33.89783548,15.35471395,12.48623019,34.54630425
0.131154808,13.68439248,79.49174401,5.058699077,1.634009625,3.689341759,33.89820983,15.33050497,12.55058134,34.5313621
0.134609937,13.63570281,79.53588376,5.058668125,1.635135365,3.733818293,33.90450973,15.35181813,12.44841589,34.56143796
0.13391113,13.65597908,79.51430591,5.060352727,1.635451156,3.715141717,33.90559121,15.33183156,12.49644205,34.55099346
0.138561316,13.57641687,79.59102659,5.05793738,1.636057839,3.787855652,33.91007434,15.38255606,12.32315193,34.59636202
0.141370155,13.53128028,79.63415695,5.056834281,1.636358329,3.828779679,33.91253889,15.40965424,12.22755805,34.62146914
0.144222914,13.48354885,79.68059038,5.05530247,1.63633538,3.871760456,33.91372186,15.44075906,12.12707007,34.64668856
0.14362725,13.50212868,79.6600972,5.057097324,1.63704954,3.855262862,33.91628787,15.42086043,12.16871299,34.63887584
0.144844103,13.48159103,79.68014434,5.056404918,1.637015609,3.873750675,33.91667568,15.43448801,12.12546526,34.64962038
0.14662444,13.46128446,79.69731703,5.057033017,1.637741055,3.892283898,33.92027024,15.43950519,12.0856707,34.66226997
0.147221391,13.45184288,79.70639101,5.05678875,1.637755969,3.900779414,33.92057167,15.44531189,12.06609619,34.66724084
0.145747002,13.48894923,79.66679576,5.059706577,1.63880143,3.867705198,33.92409455,15.40986192,12.14777834,34.65055999
0.147032258,13.4725812,79.68129779,5.059870559,1.639218188,3.882653509,33.92622337,15.41616239,12.11466117,34.66029956
0.14738624,13.47128837,79.68128961,5.060450761,1.639585012,3.883956991,33.92779572,15.41301513,12.11329611,34.66193606
0.148338291,13.45598336,79.69601069,5.060032418,1.63963525,3.897815491,33.92833681,15.42261161,12.08112259,34.6701135
0.148254014,13.45934039,79.69220768,5.060404924,1.639792997,3.894844349,33.92892355,15.41870547,12.08876436,34.66876227
0.147760591,13.47548988,79.67437063,5.06198229,1.640396617,3.880442706,33.93112226,15.40128279,12.12536359,34.66178865
0.148284206,13.46817935,79.68107178,5.061940107,1.64052455,3.887121792,33.93180307,15.40486356,12.1102342,34.66597738
0.149995843,13.43984378,79.70855095,5.061048276,1.64056115,3.912795367,33.93252282,15.42343086,12.05029798,34.68095298
0.157971409,13.31421364,79.82988917,5.057532449,1.640393326,4.02567835,33.93441871,15.50333294,11.79199826,34.74457174
0.156847639,13.3384181,79.80436719,5.059198832,1.641168242,4.004492902,33.93700287,15.48167279,11.84231975,34.73451168
0.157312234,13.33809344,79.8025621,5.060188234,1.641843993,4.005227347,33.93967751,15.47561821,11.84304378,34.73643315
0.158514479,13.32826286,79.80934103,5.061189965,1.642691675,4.014639236,33.94317944,15.47392785,11.82470814,34.74354533
0.159045058,13.32500346,79.81096468,5.061812458,1.643174345,4.017904569,33.94512027,15.47156733,11.81900655,34.74640128
0.158213993,13.34934321,79.78408437,5.064090709,1.644267723,3.99666088,33.94903889,15.44596792,11.87150859,34.73682373
0.160516144,13.31335941,79.81878809,5.063080605,1.64425575,4.029160956,33.94949942,15.46914528,11.7972688,34.75492556
0.157583557,13.38008531,79.74850924,5.067783663,1.646038221,3.969849935,33.95562469,15.40850149,11.94080318,34.72522069
0.158317355,13.36853507,79.75957047,5.067476415,1.646100695,3.980402785,33.95600315,15.41584548,11.91642123,34.73132737
0.160505332,13.3387371,79.78684075,5.067286893,1.646629929,4.007835278,33.95839988,15.43108421,11.85489418,34.74778645
0.162540836,13.30530017,79.81949821,5.066129528,1.646531259,4.038099442,33.95836658,15.45410677,11.78500194,34.76442526
0.16077865,13.34444156,79.77846704,5.068796829,1.647515918,4.00323956,33.9617838,15.41903023,11.86906981,34.7468766
0.162043561,13.32444652,79.79770989,5.068223724,1.647576301,4.021476923,33.96219781,15.4320808,11.82705615,34.75718832
0.162055192,13.32807942,79.79310952,5.068840174,1.647915688,4.018410226,33.96347302,15.42654824,11.83546343,34.75610509
0.171987234,13.16613835,79.95250175,5.062857722,1.646514949,4.163727732,33.95938367,15.54113965,11.50391378,34.83183517
0.178284125,13.06436958,80.0545605,5.05854873,1.644237072,4.252880194,33.95141928,15.61698454,11.30591594,34.87280003
0.178112784,13.06953224,80.04858912,5.059106212,1.644659641,4.248700147,33.95291788,15.61112846,11.31570949,34.87154402
0.179734085,13.04622789,80.07125507,5.058448846,1.644334109,4.269269917,33.95173344,15.62662619,11.27126867,34.88110179
0.181329218,13.02173434,80.09572204,5.057489602,1.643724805,4.290576789,33.94952013,15.64452648,11.22502759,34.890349
0.181112347,13.02708953,80.08968655,5.057992458,1.644119106,4.286212891,33.95091825,15.63889754,11.23498346,34.88898785
0.182045962,13.01429085,80.10197932,5.057703528,1.643980336,4.297547006,33.9503756,15.64702786,11.21082277,34.89422676
0.184055233,12.98351804,80.13285103,5.056457611,1.643118083,4.324178185,33.94719666,15.66982988,11.15343892,34.90535635
0.183734629,12.99562327,80.11825969,5.057985006,1.644397403,4.314794289,33.95169977,15.65484394,11.17533632,34.90332568
0.184016885,12.99381856,80.1192217,5.058271267,1.64467158,4.316735315,33.9526303,15.65410606,11.17175557,34.90477276
0.185767988,12.97072242,80.14117179,5.05784974,1.644488053,4.337287647,33.95178358,15.66832586,11.12842922,34.91417369
0.190937908,12.89101792,80.22208961,5.054284774,1.641669787,4.405494601,33.9411608,15.72978873,10.98326117,34.9402947
0.187930664,12.95177264,80.15547271,5.059056281,1.645767704,4.355892579,33.95589514,15.67118432,11.09179525,34.92523271
0.189065247,12.93649701,80.17018212,5.058694729,1.645560896,4.369408904,33.95496547,15.68116514,11.06336903,34.93109146
0.188252265,12.95646335,80.14751203,5.060603524,1.647168832,4.35337596,33.96069428,15.65995386,11.09938343,34.92659247
0.189920393,12.93019856,80.17424939,5.059373869,1.646257784,4.375956896,33.95719743,15.68060519,11.05089631,34.93534417
0.189296758,12.95203838,80.14809367,5.062023244,1.648547956,4.359076453,33.96525486,15.6542213,11.0897946,34.93165279
0.189337733,12.95802463,80.13987325,5.063187806,1.649576576,4.354936216,33.96880771,15.64451114,11.10022479,34.93152014
0.18933453,12.96127672,80.13554557,5.063763819,1.650079364,4.352615095,33.97055027,15.63955588,11.10597224,34.93130651
0.190780387,12.94807189,80.14584923,5.06442656,1.650871926,4.365579475,33.97293038,15.64278602,11.08011587,34.93858826
0.188184903,13.01741655,80.06706902,5.071202438,1.656127088,4.309024036,33.99186525,15.5680655,11.21038665,34.92065857
0.188479239,13.01391016,80.07022208,5.07119902,1.656189501,4.312299252,33.99200458,15.56993785,11.20345344,34.92230489
0.187831256,13.03102921,80.05102329,5.072797084,1.657319159,4.298041751,33.99612704,15.55188424,11.23674404,34.91720292
0.189582252,13.00496481,80.0765562,5.071894949,1.657001792,4.321465097,33.99452581,15.57077459,11.18539198,34.92784253
0.19113678,12.98508988,80.0950294,5.071622282,1.657121659,4.339772316,33.99446474,15.58290387,11.14629427,34.9365648
0.191363272,12.98815599,80.08990131,5.072596533,1.657982892,4.338057686,33.99738081,15.57584171,11.15169204,34.93702775
0.192301491,12.97356406,80.10447804,5.071979707,1.657676696,4.351014168,33.99600159,15.58710871,11.12331028,34.94256526
0.193760076,12.95177173,80.12603771,5.071151101,1.657279384,4.370429389,33.99410923,15.60345196,11.08117701,34.95083241
0.192975536,12.96944306,80.10660034,5.072616598,1.658364465,4.355668247,33.99814458,15.58581173,11.11468316,34.94569229
0.193944137,12.96034944,80.11382656,5.072984639,1.658895225,4.364683781,33.99961932,15.58871457,11.09642451,34.95055781
0.19460635,12.95213638,80.12140031,5.072892198,1.658964769,4.372299817,33.99960201,15.59369173,11.08030252,34.95410393
0.198677068,12.890279,80.18331721,5.070266645,1.657460079,4.426951539,33.99270646,15.64193197,10.96237276,34.97603726
0.198912716,12.88730269,80.18611558,5.070213644,1.657455375,4.429672104,33.99258217,15.64386576,10.95668072,34.97719925
0.199292832,12.88999269,80.18063242,5.071430896,1.658651163,4.428853337,33.99648532,15.63583027,10.96027263,34.97855845
0.199226759,12.89331738,80.17653167,5.071876886,1.65904731,4.426349019,33.99786957,15.63158708,10.96615357,34.97804075
0.197025227,12.9401589,80.12537748,5.075583783,1.66185461,4.387137595,34.00852774,15.58561843,11.05401264,34.9647036
0.193070172,13.03540932,80.02081391,5.083598107,1.6671085,4.306103852,34.02857882,15.48943411,11.24239275,34.93349047
0.193316831,13.04370288,80.00917694,5.085344625,1.668458732,4.300110525,34.03322503,15.47529276,11.2594058,34.93196587
0.195731749,13.01665624,80.03256538,5.085549676,1.669496951,4.326553667,34.03569352,15.48917124,11.20286176,34.94571982
0.195815205,13.02139137,80.02618079,5.086434864,1.670177769,4.323033466,34.03804378,15.48173334,11.21250178,34.94468764
0.20453446,12.88269842,80.16469934,5.080173228,1.667894554,4.448653401,34.02508453,15.59379947,10.93367247,34.99879014
0.204874644,12.87905483,80.16786063,5.080197534,1.668012357,4.452205097,34.02526572,15.5957849,10.92632693,35.00041736
0.203057055,12.92270621,80.11944653,5.083992843,1.670797365,4.415645156,34.0359868,15.55076613,11.0098289,34.98777301
0.205839695,12.88332394,80.15765516,5.082661392,1.670519814,4.451889252,34.03317835,15.58056727,10.93131991,35.00304522
0.204896223,12.90775035,80.13025702,5.084907135,1.672189273,4.431563954,34.03955163,15.55469902,10.97808969,34.9960957
0.204580419,12.9176046,80.11896214,5.085913426,1.672939417,4.42345526,34.04235201,15.54373756,10.99714906,34.99330611
0.205284592,12.90913369,80.12665546,5.085821037,1.673105228,4.431597517,34.04243193,15.54916938,10.97979976,34.99700141
0.205276098,12.91081359,80.12452034,5.086072881,1.673317088,4.430336213,34.04316733,15.54688574,10.98295368,34.99665703
0.208942489,12.86461312,80.16747976,5.085182917,1.673781712,4.474171981,34.04204112,15.57876569,10.88937799,35.01564322
0.211357769,12.83357639,80.19677618,5.08442352,1.673866146,4.503327384,34.04039326,15.60123517,10.82750334,35.02754085
0.209241394,12.88050422,80.14541086,5.088238569,1.676604955,4.463529152,34.05146864,15.55382787,10.91736609,35.01380824
0.21263091,12.82784675,80.1982868,5.085726745,1.675508796,4.511228173,34.044893,15.59825505,10.81336157,35.03226221
0.214061706,12.81093837,80.21377784,5.08547773,1.675744363,4.527459299,34.04443301,15.60984809,10.77942896,35.03883063
0.2156786,12.78693822,80.23782871,5.084371515,1.675182963,4.549106228,34.04106716,15.63007262,10.73321759,35.04653639
0.215941415,12.78389045,80.24061746,5.08432826,1.67522242,4.552031775,34.04095634,15.63217564,10.72716611,35.04767013
0.215654551,12.79791314,80.22341915,5.086119951,1.676893205,4.541511606,34.04685898,15.6147859,10.75154723,35.04529629
0.214051053,12.83377475,80.18388005,5.089120679,1.67917346,4.511362831,34.05609032,15.57793937,10.81903189,35.03557558
0.211993559,12.90060434,80.10724339,5.095952859,1.684205849,4.456043172,34.07536897,15.50306686,10.94949943,35.01602157
0.211127404,12.92722799,80.0774767,5.098458621,1.685709293,4.433074891,34.08149052,15.47423244,11.0047338,35.00646835
0.211305,12.92958331,80.07377227,5.099083303,1.686256113,4.431651245,34.08325906,15.46967102,11.00939041,35.00602826
0.210646646,12.94721462,80.05463429,5.100554116,1.68695033,4.415924001,34.08638981,15.4514856,11.04728188,34.99891871
0.211242478,12.94203079,80.05855429,5.100761012,1.687411429,4.421529437,34.08744936,15.45364103,11.03569244,35.00168774
0.212342944,12.92739333,80.07209085,5.10041715,1.687755718,4.435962159,34.08756352,15.46440027,11.00355627,35.00851777
0.210931363,12.9638103,80.03303382,5.103311839,1.688912675,4.402964167,34.09321542,15.42746483,11.08334391,34.99301167
0.210423439,12.97926528,80.01626831,5.104635749,1.689407224,4.38890507,34.09558916,15.41129865,11.11821135,34.98599577
0.210514164,12.98362691,80.01062731,5.105358799,1.68987282,4.385389272,34.09722792,15.40497416,11.12824384,34.98416481
0.210162189,12.99431637,79.99913986,5.106247318,1.690134258,4.375511358,34.09861509,15.39391433,11.15296278,34.97899645
0.213359178,12.94462521,80.04660317,5.104399693,1.69101275,4.424359242,34.09825084,15.43397391,11.03983016,35.00358585
0.217167121,12.8907723,80.09731636,5.102715229,1.692028985,4.477390105,34.09756098,15.4762661,10.92030827,35.02847455
0.217425393,12.88662731,80.10139472,5.102523442,1.692029136,4.481352768,34.09725994,15.47984152,10.91130018,35.03024559
0.217015817,12.90810498,80.07646921,5.104909872,1.693500116,4.463071619,34.10304929,15.45461245,10.95713374,35.0221329
0.218392478,12.8881966,80.09538083,5.10421646,1.693813638,4.482636919,34.10250678,15.47074244,10.91296978,35.03114407
0.224656594,12.78883758,80.19395544,5.099375028,1.693175362,4.576766104,34.09245012,15.55861585,10.70211727,35.07005066
0.225171955,12.78426485,80.19755185,5.099482611,1.693528733,4.58174399,34.09300614,15.56120495,10.69194219,35.07210273
0.226478432,12.76581357,80.21554663,5.098711892,1.693449479,4.59930675,34.09101986,15.57713163,10.65393979,35.07860197
0.226495932,12.77533182,80.20317936,5.100169841,1.694823047,4.592509548,34.09573425,15.56417742,10.67085025,35.07672853
0.231001961,12.71415089,80.26246678,5.097734696,1.694645665,4.65105502,34.0888864,15.6170441,10.54571095,35.09730353
0.230535557,12.73167167,80.2416816,5.099708082,1.696403091,4.63726012,34.09555739,15.59633089,10.57731528,35.09353632
0.235798055,12.66012507,80.31188052,5.096563704,1.695632649,4.705025512,34.08507868,15.66049994,10.43459281,35.11480306
0.236633777,12.65020598,80.32123565,5.096253067,1.695671529,4.714712066,34.08390444,15.66899129,10.41474353,35.11764867
0.238558892,12.63300071,80.33532617,5.096397579,1.696716655,4.733354834,34.08432736,15.68111943,10.37766648,35.1235319
0.237835906,12.65631149,80.30761627,5.098982018,1.699254312,4.715382221,34.09404753,15.65362261,10.41706571,35.11988193
0.238995814,12.64079269,80.32292516,5.098261846,1.699024491,4.730065463,34.09135939,15.66801671,10.38659985,35.12395859
0.245455037,12.55565765,80.40773439,5.094078674,1.697074247,4.809624025,34.07364505,15.74902779,10.22521096,35.14249218
0.250331887,12.48504318,80.48201679,5.089449736,1.693158411,4.871514833,34.05172241,15.82169939,10.10370572,35.15135764
0.250019447,12.4950075,80.46967211,5.090658682,1.694642257,4.86462283,34.05713709,15.80954136,10.11737644,35.15132228
0.259492995,12.3741439,80.59478051,5.083399515,1.688183083,4.971961298,34.01692777,15.93483408,9.917385831,35.15889102
0.262276066,12.34386508,80.62494872,5.081914028,1.686996107,5.000042113,34.00695368,15.96620024,9.867493087,35.15931088
0.260197225,12.40309713,80.55050963,5.089210473,1.696985542,4.961353048,34.04331909,15.89325997,9.937218865,35.16484903
0.262495209,12.37122361,80.58495756,5.086838622,1.694484995,4.988341379,34.03006467,15.92869513,9.888271868,35.16462695
0.262317035,12.39297549,80.55498646,5.090252866,1.699468148,4.976916207,34.04634994,15.90000464,9.909084116,35.1676451
0.261316217,12.41573037,80.52757284,5.092749254,1.702631314,4.960547504,34.05886137,15.87254614,9.939326798,35.16871819
0.261107145,12.43184641,80.50597975,5.095129837,1.705936859,4.951213593,34.07005103,15.85152115,9.957107978,35.17010625
0.26142408,12.44078645,80.49207364,5.096985599,1.708730227,4.948067056,34.07839934,15.8384793,9.963508286,35.17154602
0.268098744,12.37182801,80.55846474,5.093861635,1.707746875,5.016659411,34.05851289,15.91277269,9.837410571,35.17464444
0.26648608,12.41248438,80.50856746,5.098591397,1.713870691,4.988138618,34.08257089,15.86221063,9.889612744,35.17746712
0.265841575,12.43405418,80.48142803,5.101299781,1.717376442,4.973552765,34.09578704,15.83488344,9.917269963,35.17850679
0.268917409,12.3919528,80.52639742,5.098120925,1.714611454,5.011012448,34.07855091,15.88405828,9.847613457,35.1787649
0.272021554,12.35113293,80.57015609,5.09500421,1.711685215,5.047019903,34.06057571,15.93247219,9.78291777,35.17701443
0.275198484,12.3148431,80.60778727,5.092547745,1.709623401,5.080504755,34.04496203,15.97578633,9.724595034,35.17415185
0.273363059,12.35229577,80.56252244,5.096700907,1.715117823,5.053592221,34.06784788,15.92873156,9.770869992,35.17895834
0.272218458,12.37992398,80.52856033,5.099932345,1.719364891,5.034194909,34.08492831,15.89374146,9.805380501,35.18175482
0.273688318,12.36767309,80.53930701,5.099572144,1.719759441,5.04796691,34.08198516,15.9077402,9.780475378,35.18183235
0.274681687,12.36471557,80.53908857,5.100176901,1.721337277,5.054686918,34.08422914,15.91025613,9.76826049,35.18256732
0.269530059,12.49153818,80.38674927,5.114471557,1.737710935,4.958216396,34.15518939,15.74828012,9.953643234,35.18467086
0.27138336,12.47254116,80.40432333,5.113619023,1.738133129,4.97897277,34.15107152,15.77015896,9.912652671,35.18714409
0.27547408,12.41786669,80.46129311,5.109530865,1.735835252,5.031425105,34.1303654,15.83754527,9.810979486,35.18968474
0.278521743,12.37785295,80.50376103,5.106346866,1.733517416,5.06874153,34.11278618,15.88820319,9.741791407,35.18847769
0.279583971,12.38297461,80.49198045,5.108245691,1.737215281,5.071818495,34.12184746,15.88031927,9.735924766,35.19009
0.277476134,12.43602517,80.42772986,5.114441785,1.744327047,5.031340298,34.15362015,15.80992738,9.812575576,35.1925366
0.279119783,12.43626049,80.42041143,5.11614079,1.748067507,5.03956588,34.1614768,15.80753021,9.797590837,35.19383628
0.279167177,12.43637466,80.4200552,5.116205803,1.748197168,5.039737959,34.16178265,15.80731498,9.797290582,35.19387383
0.279758645,12.42961978,80.42674438,5.115753789,1.748123408,5.046817212,34.15944847,15.81603391,9.783592875,35.19410753
0.283768441,12.37707071,80.48226382,5.111409789,1.745487243,5.097559264,34.13594821,15.88588852,9.688120191,35.19248381
0.285270063,12.39409893,80.45219713,5.115526112,1.752907761,5.096412174,34.15672441,15.86166092,9.689883423,35.19531907
0.284802239,12.4087723,80.43395174,5.117390892,1.755082831,5.085443746,34.16641866,15.84117661,9.710708,35.19625298
0.289231082,12.35079574,80.49603563,5.112218054,1.751719499,5.141423356,34.13739521,15.92233447,9.607604187,35.19124278
0.289889263,12.36948571,80.46700579,5.115802042,1.7578172,5.135299123,34.15651532,15.89623187,9.617496415,35.19445728
0.289484134,12.39368414,80.43511571,5.119291892,1.762424121,5.11933285,34.17517586,15.86145328,9.64690214,35.19713587
0.290856933,12.38986547,80.43467919,5.119893321,1.764705085,5.129012655,34.17806231,15.86705192,9.628664091,35.19720902
0.293058546,12.36228872,80.46387229,5.117368684,1.763411759,5.15692317,34.16387468,15.90794555,9.577024733,35.19423187
0.29510117,12.34136693,80.48489482,5.115659521,1.762977556,5.179655799,34.15355002,15.93986125,9.536202598,35.19073033
0.296077186,12.33799764,80.48564534,5.115893325,1.764386506,5.187015403,34.1544364,15.94580243,9.522668802,35.19007696
0.295891447,12.35114879,80.46781072,5.117893847,1.767255198,5.17902324,34.16580978,15.92642448,9.536057016,35.19268549
0.298536389,12.3244167,80.49489845,5.115576331,1.766572124,5.208201655,34.15147015,15.96888008,9.484605734,35.18684238
0.298696765,12.34203744,80.46916367,5.118611135,1.771490991,5.200047401,34.1689245,15.94312578,9.497045029,35.19085729
0.300242587,12.32357213,80.48914616,5.116720649,1.770318479,5.218673223,34.15736598,15.97292902,9.464699166,35.18633261
0.314710805,12.20391403,80.60996329,5.104968793,1.766443076,5.356101006,34.07222388,16.19519088,9.251366612,35.12511762
0.316779292,12.18212801,80.6358779,5.10205229,1.76316251,5.375423242,34.05021942,16.2364703,9.228733892,35.10915315
0.315014389,12.23790559,80.55735772,5.111062209,1.778660089,5.346884271,34.11284013,16.14782876,9.251423411,35.14102343
0.331377448,12.07040801,80.76573033,5.085839895,1.746644317,5.486420473,33.91319743,16.48949234,9.128582025,34.98230774
0.341461965,11.97874624,80.8885818,5.069801595,1.721408395,5.550238315,33.77297328,16.69426955,9.128413327,34.85410553
0.341152031,11.99547601,80.8632106,5.072421391,1.727739966,5.547118488,33.79304102,16.67429943,9.12053419,34.86500687
0.336968051,12.07689963,80.74332596,5.086360033,1.756446322,5.517134436,33.90654297,16.53925997,9.091148299,34.94591432
0.34357829,12.02696416,80.81077604,5.07644731,1.742234193,5.556415344,33.81747247,16.67220444,9.096251567,34.85765619
0.348123898,11.99774762,80.85133525,5.069944769,1.732848465,5.579822005,33.75654081,16.76075047,9.10979275,34.79309397
0.353333424,11.95531989,80.91364978,5.060773384,1.716923515,5.604137866,33.67157368,16.87212806,9.143305277,34.70885512
0.351076837,12.03383429,80.79256399,5.073691612,1.748833274,5.59132646,33.77884635,16.76804639,9.084507452,34.77727334
0.351961671,12.0894916,80.7029101,5.082004142,1.773632487,5.594442992,33.8452952,16.72281358,9.034336717,34.80311152
0.346992972,12.18270447,80.55221729,5.102638728,1.815446546,5.566939556,34.02565598,16.51835772,8.94221325,34.9468335
0.349547249,12.22484455,80.47281907,5.111612044,1.841177096,5.58043265,34.10268087,16.46797696,8.866938858,34.98197067
0.350065933,12.22327568,80.47481416,5.1109178,1.840926422,5.583949652,34.09674353,16.47944245,8.865264376,34.97459999
0.359718273,12.19244529,80.52568082,5.094796307,1.827359314,5.636734864,33.95102382,16.71623016,8.895749078,34.80026208
0.370196274,12.18059177,80.56237162,5.077150274,1.809690069,5.67016544,33.77910585,16.96818606,9.006121039,34.57642162
0.390268884,12.11099725,80.74832405,5.02897009,1.721439724,5.665761312,33.28296214,17.5194425,9.535040884,33.99679317
0.384810051,12.26176718,80.48144378,5.059861421,1.812117563,5.693869667,33.59924698,17.27992362,9.177732854,34.24922689
0.383530731,12.34194726,80.29867703,5.086891821,1.888953166,5.749539959,33.89123821,17.06697339,8.791416949,34.50083149
0.407208836,12.52955968,80.24734271,5.018321929,1.797566841,5.621151886,33.15252619,17.91385958,9.866743658,33.44571869
