221.2257039,680,3.6,3.845291553,0.006692821,0.010783314,0.011285171,0.009705437,0.010216401,0.003033029,0.002734024,0.001244341,0.000570936,0.000527498,0.011712436,0.044481169,0.060939922,0.0310574,0.021250114,0.009220409,0.008311432,0.004380079,0.001096198,0.001012797,0.008087485,0.010156654,0.01242296,0.008500046,0.003688163,0.003324573,0.001752032,0.000438479,0.000405,0.005046827,0.003453144,0.001498316,0.001350608,0.000711763,0.000178,0.000165,0.004622194,0.020799874,0.04783971,0.053733008,0.044571158,0.025566512,0.0108,0.00763,0.00063,0.020799874,0.04783971,0.053733008,0.044571158,0.023009861,0.009706608,0.006863958,0.000567,0.002556651,0.001078512,0.000762662,6.30E-05,0,0,0,0,0,0,0,0.001386658,0.002311097,0.034666457,0.01213326,0.010014754,0.002079987,0.000630299,0.000578,0,0.032719916,0.069618309,0.049356804,0.035503898,0.009840184,0,0,0,0,0,0,0,0,0,0,0,0,0,0,0,0,0,0,0,0,0,0,0,0,0,0,0,0,0,0,0,0,0,0,0,0,0,0,0,0,0,0,0,0,0,0,0,0,0,0,0
40,604.7885852,3.6,5.6,0.006692821,0.010783314,0.011285171,0.009705437,0.010216401,0.003033029,0.002734024,0.001244341,0.000570936,0.000527498,0.011712436,0.044481169,0.060939922,0.0310574,0.021250114,0.009220409,0.008311432,0.004380079,0.001096198,0.001012797,0.008087485,0.010156654,0.01242296,0.008500046,0.003688163,0.003324573,0.001752032,0.000438479,0.000405,0.005046827,0.003453144,0.001498316,0.001350608,0.000711763,0.000178,0.000165,0.004622194,0.020799874,0.04783971,0.053733008,0.044571158,0.025566512,0.0108,0.00763,0.00063,0.020799874,0.04783971,0.053733008,0.044571158,0.023009861,0.009706608,0.006863958,0.000567,0.002556651,0.001078512,0.000762662,6.30E-05,0,0,0,0,0,0,0,0.001386658,0.002311097,0.034666457,0.01213326,0.010014754,0.002079987,0.000630299,0.000578,0,0.032719916,0.069618309,0.049356804,0.035503898,0.009840184,0,0,0,0,0,0,0,0,0,0,0,0,0,0,0,0,0,0,0,0,0,0,0,0,0,0,0,0,0,0,0,0,0,0,0,0,0,0,0,0,0,0,0,0,0,0,0,0,0,0,0
134.0210006,652.4010473,3.6,5.6,0.006692821,0.010783314,0.011285171,0.009705437,0.010216401,0.003033029,0.002734024,0.001244341,0.000570936,0.000527498,0.011712436,0.044481169,0.060939922,0.0310574,0.021250114,0.009220409,0.008311432,0.004380079,0.001096198,0.001012797,0.008087485,0.010156654,0.01242296,0.008500046,0.003688163,0.003324573,0.001752032,0.000438479,0.000405,0.005046827,0.003453144,0.001498316,0.001350608,0.000711763,0.000178,0.000165,0.004622194,0.020799874,0.04783971,0.053733008,0.044571158,0.025566512,0.0108,0.00763,0.00063,0.020799874,0.04783971,0.053733008,0.044571158,0.023009861,0.009706608,0.006863958,0.000567,0.002556651,0.001078512,0.000762662,6.30E-05,0,0,0,0,0,0,0,0.001386658,0.002311097,0.034666457,0.01213326,0.010014754,0.002079987,0.000630299,0.000578,0,0.032719916,0.069618309,0.049356804,0.035503898,0.009840184,0,0,0,0,0,0,0,0,0,0,0,0,0,0,0,0,0,0,0,0,0,0,0,0,0,0,0,0,0,0,0,0,0,0,0,0,0,0,0,0,0,0,0,0,0,0,0,0,0,0,0
251.007314,598.6573677,3.6,5.6,0.006692821,0.010783314,0.011285171,0.009705437,0.010216401,0.003033029,0.002734024,0.001244341,0.000570936,0.000527498,0.011712436,0.044481169,0.060939922,0.0310574,0.021250114,0.009220409,0.008311432,0.004380079,0.001096198,0.001012797,0.008087485,0.010156654,0.01242296,0.008500046,0.003688163,0.003324573,0.001752032,0.000438479,0.000405,0.005046827,0.003453144,0.001498316,0.001350608,0.000711763,0.000178,0.000165,0.004622194,0.020799874,0.04783971,0.053733008,0.044571158,0.025566512,0.0108,0.00763,0.00063,0.020799874,0.04783971,0.053733008,0.044571158,0.023009861,0.009706608,0.006863958,0.000567,0.002556651,0.001078512,0.000762662,6.30E-05,0,0,0,0,0,0,0,0.001386658,0.002311097,0.034666457,0.01213326,0.010014754,0.002079987,0.000630299,0.000578,0,0.032719916,0.069618309,0.049356804,0.035503898,0.009840184,0,0,0,0,0,0,0,0,0,0,0,0,0,0,0,0,0,0,0,0,0,0,0,0,0,0,0,0,0,0,0,0,0,0,0,0,0,0,0,0,0,0,0,0,0,0,0,0,0,0,0
40,662.598652,3.6,5.6,0.006692821,0.010783314,0.011285171,0.009705437,0.010216401,0.003033029,0.002734024,0.001244341,0.000570936,0.000527498,0.011712436,0.044481169,0.060939922,0.0310574,0.021250114,0.009220409,0.008311432,0.004380079,0.001096198,0.001012797,0.008087485,0.010156654,0.01242296,0.008500046,0.003688163,0.003324573,0.001752032,0.000438479,0.000405,0.005046827,0.003453144,0.001498316,0.001350608,0.000711763,0.000178,0.000165,0.004622194,0.020799874,0.04783971,0.053733008,0.044571158,0.025566512,0.0108,0.00763,0.00063,0.020799874,0.04783971,0.053733008,0.044571158,0.023009861,0.009706608,0.006863958,0.000567,0.002556651,0.001078512,0.000762662,6.30E-05,0,0,0,0,0,0,0,0.001386658,0.002311097,0.034666457,0.01213326,0.010014754,0.002079987,0.000630299,0.000578,0,0.032719916,0.069618309,0.049356804,0.035503898,0.009840184,0,0,0,0,0,0,0,0,0,0,0,0,0,0,0,0,0,0,0,0,0,0,0,0,0,0,0,0,0,0,0,0,0,0,0,0,0,0,0,0,0,0,0,0,0,0,0,0,0,0,0
161.3281933,640.232209,3.6,5.6,0.006692821,0.010783314,0.011285171,0.009705437,0.010216401,0.003033029,0.002734024,0.001244341,0.000570936,0.000527498,0.011712436,0.044481169,0.060939922,0.0310574,0.021250114,0.009220409,0.008311432,0.004380079,0.001096198,0.001012797,0.008087485,0.010156654,0.01242296,0.008500046,0.003688163,0.003324573,0.001752032,0.000438479,0.000405,0.005046827,0.003453144,0.001498316,0.001350608,0.000711763,0.000178,0.000165,0.004622194,0.020799874,0.04783971,0.053733008,0.044571158,0.025566512,0.0108,0.00763,0.00063,0.020799874,0.04783971,0.053733008,0.044571158,0.023009861,0.009706608,0.006863958,0.000567,0.002556651,0.001078512,0.000762662,6.30E-05,0,0,0,0,0,0,0,0.001386658,0.002311097,0.034666457,0.01213326,0.010014754,0.002079987,0.000630299,0.000578,0,0.032719916,0.069618309,0.049356804,0.035503898,0.009840184,0,0,0,0,0,0,0,0,0,0,0,0,0,0,0,0,0,0,0,0,0,0,0,0,0,0,0,0,0,0,0,0,0,0,0,0,0,0,0,0,0,0,0,0,0,0,0,0,0,0,0
40,613.3717518,3.6,5.6,0.006692821,0.010783314,0.011285171,0.009705437,0.010216401,0.003033029,0.002734024,0.001244341,0.000570936,0.000527498,0.011712436,0.044481169,0.060939922,0.0310574,0.021250114,0.009220409,0.008311432,0.004380079,0.001096198,0.001012797,0.008087485,0.010156654,0.01242296,0.008500046,0.003688163,0.003324573,0.001752032,0.000438479,0.000405,0.005046827,0.003453144,0.001498316,0.001350608,0.000711763,0.000178,0.000165,0.004622194,0.020799874,0.04783971,0.053733008,0.044571158,0.025566512,0.0108,0.00763,0.00063,0.020799874,0.04783971,0.053733008,0.044571158,0.023009861,0.009706608,0.006863958,0.000567,0.002556651,0.001078512,0.000762662,6.30E-05,0,0,0,0,0,0,0,0.001386658,0.002311097,0.034666457,0.01213326,0.010014754,0.002079987,0.000630299,0.000578,0,0.032719916,0.069618309,0.049356804,0.035503898,0.009840184,0,0,0,0,0,0,0,0,0,0,0,0,0,0,0,0,0,0,0,0,0,0,0,0,0,0,0,0,0,0,0,0,0,0,0,0,0,0,0,0,0,0,0,0,0,0,0,0,0,0,0
129.8555783,680,3.6,4.909807787,0.006692821,0.010783314,0.011285171,0.009705437,0.010216401,0.003033029,0.002734024,0.001244341,0.000570936,0.000527498,0.011712436,0.044481169,0.060939922,0.0310574,0.021250114,0.009220409,0.008311432,0.004380079,0.001096198,0.001012797,0.008087485,0.010156654,0.01242296,0.008500046,0.003688163,0.003324573,0.001752032,0.000438479,0.000405,0.005046827,0.003453144,0.001498316,0.001350608,0.000711763,0.000178,0.000165,0.004622194,0.020799874,0.04783971,0.053733008,0.044571158,0.025566512,0.0108,0.00763,0.00063,0.020799874,0.04783971,0.053733008,0.044571158,0.023009861,0.009706608,0.006863958,0.000567,0.002556651,0.001078512,0.000762662,6.30E-05,0,0,0,0,0,0,0,0.001386658,0.002311097,0.034666457,0.01213326,0.010014754,0.002079987,0.000630299,0.000578,0,0.032719916,0.069618309,0.049356804,0.035503898,0.009840184,0,0,0,0,0,0,0,0,0,0,0,0,0,0,0,0,0,0,0,0,0,0,0,0,0,0,0,0,0,0,0,0,0,0,0,0,0,0,0,0,0,0,0,0,0,0,0,0,0,0,0
68.16042584,680,3.6,5.518578313,0.006692821,0.010783314,0.011285171,0.009705437,0.010216401,0.003033029,0.002734024,0.001244341,0.000570936,0.000527498,0.011712436,0.044481169,0.060939922,0.0310574,0.021250114,0.009220409,0.008311432,0.004380079,0.001096198,0.001012797,0.008087485,0.010156654,0.01242296,0.008500046,0.003688163,0.003324573,0.001752032,0.000438479,0.000405,0.005046827,0.003453144,0.001498316,0.001350608,0.000711763,0.000178,0.000165,0.004622194,0.020799874,0.04783971,0.053733008,0.044571158,0.025566512,0.0108,0.00763,0.00063,0.020799874,0.04783971,0.053733008,0.044571158,0.023009861,0.009706608,0.006863958,0.000567,0.002556651,0.001078512,0.000762662,6.30E-05,0,0,0,0,0,0,0,0.001386658,0.002311097,0.034666457,0.01213326,0.010014754,0.002079987,0.000630299,0.000578,0,0.032719916,0.069618309,0.049356804,0.035503898,0.009840184,0,0,0,0,0,0,0,0,0,0,0,0,0,0,0,0,0,0,0,0,0,0,0,0,0,0,0,0,0,0,0,0,0,0,0,0,0,0,0,0,0,0,0,0,0,0,0,0,0,0,0
141.8930817,680,3.6,4.786892508,0.006692821,0.010783314,0.011285171,0.009705437,0.010216401,0.003033029,0.002734024,0.001244341,0.000570936,0.000527498,0.011712436,0.044481169,0.060939922,0.0310574,0.021250114,0.009220409,0.008311432,0.004380079,0.001096198,0.001012797,0.008087485,0.010156654,0.01242296,0.008500046,0.003688163,0.003324573,0.001752032,0.000438479,0.000405,0.005046827,0.003453144,0.001498316,0.001350608,0.000711763,0.000178,0.000165,0.004622194,0.020799874,0.04783971,0.053733008,0.044571158,0.025566512,0.0108,0.00763,0.00063,0.020799874,0.04783971,0.053733008,0.044571158,0.023009861,0.009706608,0.006863958,0.000567,0.002556651,0.001078512,0.000762662,6.30E-05,0,0,0,0,0,0,0,0.001386658,0.002311097,0.034666457,0.01213326,0.010014754,0.002079987,0.000630299,0.000578,0,0.032719916,0.069618309,0.049356804,0.035503898,0.009840184,0,0,0,0,0,0,0,0,0,0,0,0,0,0,0,0,0,0,0,0,0,0,0,0,0,0,0,0,0,0,0,0,0,0,0,0,0,0,0,0,0,0,0,0,0,0,0,0,0,0,0
93.85643356,669.3208673,3.6,5.6,0.006692821,0.010783314,0.011285171,0.009705437,0.010216401,0.003033029,0.002734024,0.001244341,0.000570936,0.000527498,0.011712436,0.044481169,0.060939922,0.0310574,0.021250114,0.009220409,0.008311432,0.004380079,0.001096198,0.001012797,0.008087485,0.010156654,0.01242296,0.008500046,0.003688163,0.003324573,0.001752032,0.000438479,0.000405,0.005046827,0.003453144,0.001498316,0.001350608,0.000711763,0.000178,0.000165,0.004622194,0.020799874,0.04783971,0.053733008,0.044571158,0.025566512,0.0108,0.00763,0.00063,0.020799874,0.04783971,0.053733008,0.044571158,0.023009861,0.009706608,0.006863958,0.000567,0.002556651,0.001078512,0.000762662,6.30E-05,0,0,0,0,0,0,0,0.001386658,0.002311097,0.034666457,0.01213326,0.010014754,0.002079987,0.000630299,0.000578,0,0.032719916,0.069618309,0.049356804,0.035503898,0.009840184,0,0,0,0,0,0,0,0,0,0,0,0,0,0,0,0,0,0,0,0,0,0,0,0,0,0,0,0,0,0,0,0,0,0,0,0,0,0,0,0,0,0,0,0,0,0,0,0,0,0,0
42.55809523,680,3.6,5.780622914,0.006692821,0.010783314,0.011285171,0.009705437,0.010216401,0.003033029,0.002734024,0.001244341,0.000570936,0.000527498,0.011712436,0.044481169,0.060939922,0.0310574,0.021250114,0.009220409,0.008311432,0.004380079,0.001096198,0.001012797,0.008087485,0.010156654,0.01242296,0.008500046,0.003688163,0.003324573,0.001752032,0.000438479,0.000405,0.005046827,0.003453144,0.001498316,0.001350608,0.000711763,0.000178,0.000165,0.004622194,0.020799874,0.04783971,0.053733008,0.044571158,0.025566512,0.0108,0.00763,0.00063,0.020799874,0.04783971,0.053733008,0.044571158,0.023009861,0.009706608,0.006863958,0.000567,0.002556651,0.001078512,0.000762662,6.30E-05,0,0,0,0,0,0,0,0.001386658,0.002311097,0.034666457,0.01213326,0.010014754,0.002079987,0.000630299,0.000578,0,0.032719916,0.069618309,0.049356804,0.035503898,0.009840184,0,0,0,0,0,0,0,0,0,0,0,0,0,0,0,0,0,0,0,0,0,0,0,0,0,0,0,0,0,0,0,0,0,0,0,0,0,0,0,0,0,0,0,0,0,0,0,0,0,0,0
204.6168215,620.9541331,3.6,5.6,0.006692821,0.010783314,0.011285171,0.009705437,0.010216401,0.003033029,0.002734024,0.001244341,0.000570936,0.000527498,0.011712436,0.044481169,0.060939922,0.0310574,0.021250114,0.009220409,0.008311432,0.004380079,0.001096198,0.001012797,0.008087485,0.010156654,0.01242296,0.008500046,0.003688163,0.003324573,0.001752032,0.000438479,0.000405,0.005046827,0.003453144,0.001498316,0.001350608,0.000711763,0.000178,0.000165,0.004622194,0.020799874,0.04783971,0.053733008,0.044571158,0.025566512,0.0108,0.00763,0.00063,0.020799874,0.04783971,0.053733008,0.044571158,0.023009861,0.009706608,0.006863958,0.000567,0.002556651,0.001078512,0.000762662,6.30E-05,0,0,0,0,0,0,0,0.001386658,0.002311097,0.034666457,0.01213326,0.010014754,0.002079987,0.000630299,0.000578,0,0.032719916,0.069618309,0.049356804,0.035503898,0.009840184,0,0,0,0,0,0,0,0,0,0,0,0,0,0,0,0,0,0,0,0,0,0,0,0,0,0,0,0,0,0,0,0,0,0,0,0,0,0,0,0,0,0,0,0,0,0,0,0,0,0,0
72.48105013,677.0944274,3.6,5.6,0.006692821,0.010783314,0.011285171,0.009705437,0.010216401,0.003033029,0.002734024,0.001244341,0.000570936,0.000527498,0.011712436,0.044481169,0.060939922,0.0310574,0.021250114,0.009220409,0.008311432,0.004380079,0.001096198,0.001012797,0.008087485,0.010156654,0.01242296,0.008500046,0.003688163,0.003324573,0.001752032,0.000438479,0.000405,0.005046827,0.003453144,0.001498316,0.001350608,0.000711763,0.000178,0.000165,0.004622194,0.020799874,0.04783971,0.053733008,0.044571158,0.025566512,0.0108,0.00763,0.00063,0.020799874,0.04783971,0.053733008,0.044571158,0.023009861,0.009706608,0.006863958,0.000567,0.002556651,0.001078512,0.000762662,6.30E-05,0,0,0,0,0,0,0,0.001386658,0.002311097,0.034666457,0.01213326,0.010014754,0.002079987,0.000630299,0.000578,0,0.032719916,0.069618309,0.049356804,0.035503898,0.009840184,0,0,0,0,0,0,0,0,0,0,0,0,0,0,0,0,0,0,0,0,0,0,0,0,0,0,0,0,0,0,0,0,0,0,0,0,0,0,0,0,0,0,0,0,0,0,0,0,0,0,0
40,688.4182021,3.6,5.6,0.006692821,0.010783314,0.011285171,0.009705437,0.010216401,0.003033029,0.002734024,0.001244341,0.000570936,0.000527498,0.011712436,0.044481169,0.060939922,0.0310574,0.021250114,0.009220409,0.008311432,0.004380079,0.001096198,0.001012797,0.008087485,0.010156654,0.01242296,0.008500046,0.003688163,0.003324573,0.001752032,0.000438479,0.000405,0.005046827,0.003453144,0.001498316,0.001350608,0.000711763,0.000178,0.000165,0.004622194,0.020799874,0.04783971,0.053733008,0.044571158,0.025566512,0.0108,0.00763,0.00063,0.020799874,0.04783971,0.053733008,0.044571158,0.023009861,0.009706608,0.006863958,0.000567,0.002556651,0.001078512,0.000762662,6.30E-05,0,0,0,0,0,0,0,0.001386658,0.002311097,0.034666457,0.01213326,0.010014754,0.002079987,0.000630299,0.000578,0,0.032719916,0.069618309,0.049356804,0.035503898,0.009840184,0,0,0,0,0,0,0,0,0,0,0,0,0,0,0,0,0,0,0,0,0,0,0,0,0,0,0,0,0,0,0,0,0,0,0,0,0,0,0,0,0,0,0,0,0,0,0,0,0,0,0
66.70924133,679.1689316,3.6,5.6,0.006692821,0.010783314,0.011285171,0.009705437,0.010216401,0.003033029,0.002734024,0.001244341,0.000570936,0.000527498,0.011712436,0.044481169,0.060939922,0.0310574,0.021250114,0.009220409,0.008311432,0.004380079,0.001096198,0.001012797,0.008087485,0.010156654,0.01242296,0.008500046,0.003688163,0.003324573,0.001752032,0.000438479,0.000405,0.005046827,0.003453144,0.001498316,0.001350608,0.000711763,0.000178,0.000165,0.004622194,0.020799874,0.04783971,0.053733008,0.044571158,0.025566512,0.0108,0.00763,0.00063,0.020799874,0.04783971,0.053733008,0.044571158,0.023009861,0.009706608,0.006863958,0.000567,0.002556651,0.001078512,0.000762662,6.30E-05,0,0,0,0,0,0,0,0.001386658,0.002311097,0.034666457,0.01213326,0.010014754,0.002079987,0.000630299,0.000578,0,0.032719916,0.069618309,0.049356804,0.035503898,0.009840184,0,0,0,0,0,0,0,0,0,0,0,0,0,0,0,0,0,0,0,0,0,0,0,0,0,0,0,0,0,0,0,0,0,0,0,0,0,0,0,0,0,0,0,0,0,0,0,0,0,0,0
77.57357431,675.2573622,3.6,5.6,0.006692821,0.010783314,0.011285171,0.009705437,0.010216401,0.003033029,0.002734024,0.001244341,0.000570936,0.000527498,0.011712436,0.044481169,0.060939922,0.0310574,0.021250114,0.009220409,0.008311432,0.004380079,0.001096198,0.001012797,0.008087485,0.010156654,0.01242296,0.008500046,0.003688163,0.003324573,0.001752032,0.000438479,0.000405,0.005046827,0.003453144,0.001498316,0.001350608,0.000711763,0.000178,0.000165,0.004622194,0.020799874,0.04783971,0.053733008,0.044571158,0.025566512,0.0108,0.00763,0.00063,0.020799874,0.04783971,0.053733008,0.044571158,0.023009861,0.009706608,0.006863958,0.000567,0.002556651,0.001078512,0.000762662,6.30E-05,0,0,0,0,0,0,0,0.001386658,0.002311097,0.034666457,0.01213326,0.010014754,0.002079987,0.000630299,0.000578,0,0.032719916,0.069618309,0.049356804,0.035503898,0.009840184,0,0,0,0,0,0,0,0,0,0,0,0,0,0,0,0,0,0,0,0,0,0,0,0,0,0,0,0,0,0,0,0,0,0,0,0,0,0,0,0,0,0,0,0,0,0,0,0,0,0,0
40,645.3114648,3.6,5.6,0.006692821,0.010783314,0.011285171,0.009705437,0.010216401,0.003033029,0.002734024,0.001244341,0.000570936,0.000527498,0.011712436,0.044481169,0.060939922,0.0310574,0.021250114,0.009220409,0.008311432,0.004380079,0.001096198,0.001012797,0.008087485,0.010156654,0.01242296,0.008500046,0.003688163,0.003324573,0.001752032,0.000438479,0.000405,0.005046827,0.003453144,0.001498316,0.001350608,0.000711763,0.000178,0.000165,0.004622194,0.020799874,0.04783971,0.053733008,0.044571158,0.025566512,0.0108,0.00763,0.00063,0.020799874,0.04783971,0.053733008,0.044571158,0.023009861,0.009706608,0.006863958,0.000567,0.002556651,0.001078512,0.000762662,6.30E-05,0,0,0,0,0,0,0,0.001386658,0.002311097,0.034666457,0.01213326,0.010014754,0.002079987,0.000630299,0.000578,0,0.032719916,0.069618309,0.049356804,0.035503898,0.009840184,0,0,0,0,0,0,0,0,0,0,0,0,0,0,0,0,0,0,0,0,0,0,0,0,0,0,0,0,0,0,0,0,0,0,0,0,0,0,0,0,0,0,0,0,0,0,0,0,0,0,0
132.0023837,653.294607,3.6,5.6,0.006692821,0.010783314,0.011285171,0.009705437,0.010216401,0.003033029,0.002734024,0.001244341,0.000570936,0.000527498,0.011712436,0.044481169,0.060939922,0.0310574,0.021250114,0.009220409,0.008311432,0.004380079,0.001096198,0.001012797,0.008087485,0.010156654,0.01242296,0.008500046,0.003688163,0.003324573,0.001752032,0.000438479,0.000405,0.005046827,0.003453144,0.001498316,0.001350608,0.000711763,0.000178,0.000165,0.004622194,0.020799874,0.04783971,0.053733008,0.044571158,0.025566512,0.0108,0.00763,0.00063,0.020799874,0.04783971,0.053733008,0.044571158,0.023009861,0.009706608,0.006863958,0.000567,0.002556651,0.001078512,0.000762662,6.30E-05,0,0,0,0,0,0,0,0.001386658,0.002311097,0.034666457,0.01213326,0.010014754,0.002079987,0.000630299,0.000578,0,0.032719916,0.069618309,0.049356804,0.035503898,0.009840184,0,0,0,0,0,0,0,0,0,0,0,0,0,0,0,0,0,0,0,0,0,0,0,0,0,0,0,0,0,0,0,0,0,0,0,0,0,0,0,0,0,0,0,0,0,0,0,0,0,0,0
84.03957325,672.9332398,3.6,5.6,0.006692821,0.010783314,0.011285171,0.009705437,0.010216401,0.003033029,0.002734024,0.001244341,0.000570936,0.000527498,0.011712436,0.044481169,0.060939922,0.0310574,0.021250114,0.009220409,0.008311432,0.004380079,0.001096198,0.001012797,0.008087485,0.010156654,0.01242296,0.008500046,0.003688163,0.003324573,0.001752032,0.000438479,0.000405,0.005046827,0.003453144,0.001498316,0.001350608,0.000711763,0.000178,0.000165,0.004622194,0.020799874,0.04783971,0.053733008,0.044571158,0.025566512,0.0108,0.00763,0.00063,0.020799874,0.04783971,0.053733008,0.044571158,0.023009861,0.009706608,0.006863958,0.000567,0.002556651,0.001078512,0.000762662,6.30E-05,0,0,0,0,0,0,0,0.001386658,0.002311097,0.034666457,0.01213326,0.010014754,0.002079987,0.000630299,0.000578,0,0.032719916,0.069618309,0.049356804,0.035503898,0.009840184,0,0,0,0,0,0,0,0,0,0,0,0,0,0,0,0,0,0,0,0,0,0,0,0,0,0,0,0,0,0,0,0,0,0,0,0,0,0,0,0,0,0,0,0,0,0,0,0,0,0,0
47.1411499,685.7782003,3.6,5.6,0.006692821,0.010783314,0.011285171,0.009705437,0.010216401,0.003033029,0.002734024,0.001244341,0.000570936,0.000527498,0.011712436,0.044481169,0.060939922,0.0310574,0.021250114,0.009220409,0.008311432,0.004380079,0.001096198,0.001012797,0.008087485,0.010156654,0.01242296,0.008500046,0.003688163,0.003324573,0.001752032,0.000438479,0.000405,0.005046827,0.003453144,0.001498316,0.001350608,0.000711763,0.000178,0.000165,0.004622194,0.020799874,0.04783971,0.053733008,0.044571158,0.025566512,0.0108,0.00763,0.00063,0.020799874,0.04783971,0.053733008,0.044571158,0.023009861,0.009706608,0.006863958,0.000567,0.002556651,0.001078512,0.000762662,6.30E-05,0,0,0,0,0,0,0,0.001386658,0.002311097,0.034666457,0.01213326,0.010014754,0.002079987,0.000630299,0.000578,0,0.032719916,0.069618309,0.049356804,0.035503898,0.009840184,0,0,0,0,0,0,0,0,0,0,0,0,0,0,0,0,0,0,0,0,0,0,0,0,0,0,0,0,0,0,0,0,0,0,0,0,0,0,0,0,0,0,0,0,0,0,0,0,0,0,0
182.7212028,630.6698984,3.6,5.6,0.006692821,0.010783314,0.011285171,0.009705437,0.010216401,0.003033029,0.002734024,0.001244341,0.000570936,0.000527498,0.011712436,0.044481169,0.060939922,0.0310574,0.021250114,0.009220409,0.008311432,0.004380079,0.001096198,0.001012797,0.008087485,0.010156654,0.01242296,0.008500046,0.003688163,0.003324573,0.001752032,0.000438479,0.000405,0.005046827,0.003453144,0.001498316,0.001350608,0.000711763,0.000178,0.000165,0.004622194,0.020799874,0.04783971,0.053733008,0.044571158,0.025566512,0.0108,0.00763,0.00063,0.020799874,0.04783971,0.053733008,0.044571158,0.023009861,0.009706608,0.006863958,0.000567,0.002556651,0.001078512,0.000762662,6.30E-05,0,0,0,0,0,0,0,0.001386658,0.002311097,0.034666457,0.01213326,0.010014754,0.002079987,0.000630299,0.000578,0,0.032719916,0.069618309,0.049356804,0.035503898,0.009840184,0,0,0,0,0,0,0,0,0,0,0,0,0,0,0,0,0,0,0,0,0,0,0,0,0,0,0,0,0,0,0,0,0,0,0,0,0,0,0,0,0,0,0,0,0,0,0,0,0,0,0
63.21369665,680.3610383,3.6,5.6,0.006692821,0.010783314,0.011285171,0.009705437,0.010216401,0.003033029,0.002734024,0.001244341,0.000570936,0.000527498,0.011712436,0.044481169,0.060939922,0.0310574,0.021250114,0.009220409,0.008311432,0.004380079,0.001096198,0.001012797,0.008087485,0.010156654,0.01242296,0.008500046,0.003688163,0.003324573,0.001752032,0.000438479,0.000405,0.005046827,0.003453144,0.001498316,0.001350608,0.000711763,0.000178,0.000165,0.004622194,0.020799874,0.04783971,0.053733008,0.044571158,0.025566512,0.0108,0.00763,0.00063,0.020799874,0.04783971,0.053733008,0.044571158,0.023009861,0.009706608,0.006863958,0.000567,0.002556651,0.001078512,0.000762662,6.30E-05,0,0,0,0,0,0,0,0.001386658,0.002311097,0.034666457,0.01213326,0.010014754,0.002079987,0.000630299,0.000578,0,0.032719916,0.069618309,0.049356804,0.035503898,0.009840184,0,0,0,0,0,0,0,0,0,0,0,0,0,0,0,0,0,0,0,0,0,0,0,0,0,0,0,0,0,0,0,0,0,0,0,0,0,0,0,0,0,0,0,0,0,0,0,0,0,0,0
205.902458,620.3797414,3.6,5.6,0.006692821,0.010783314,0.011285171,0.009705437,0.010216401,0.003033029,0.002734024,0.001244341,0.000570936,0.000527498,0.011712436,0.044481169,0.060939922,0.0310574,0.021250114,0.009220409,0.008311432,0.004380079,0.001096198,0.001012797,0.008087485,0.010156654,0.01242296,0.008500046,0.003688163,0.003324573,0.001752032,0.000438479,0.000405,0.005046827,0.003453144,0.001498316,0.001350608,0.000711763,0.000178,0.000165,0.004622194,0.020799874,0.04783971,0.053733008,0.044571158,0.025566512,0.0108,0.00763,0.00063,0.020799874,0.04783971,0.053733008,0.044571158,0.023009861,0.009706608,0.006863958,0.000567,0.002556651,0.001078512,0.000762662,6.30E-05,0,0,0,0,0,0,0,0.001386658,0.002311097,0.034666457,0.01213326,0.010014754,0.002079987,0.000630299,0.000578,0,0.032719916,0.069618309,0.049356804,0.035503898,0.009840184,0,0,0,0,0,0,0,0,0,0,0,0,0,0,0,0,0,0,0,0,0,0,0,0,0,0,0,0,0,0,0,0,0,0,0,0,0,0,0,0,0,0,0,0,0,0,0,0,0,0,0
66.75835751,680,3.6,5.532934019,0.006692821,0.010783314,0.011285171,0.009705437,0.010216401,0.003033029,0.002734024,0.001244341,0.000570936,0.000527498,0.011712436,0.044481169,0.060939922,0.0310574,0.021250114,0.009220409,0.008311432,0.004380079,0.001096198,0.001012797,0.008087485,0.010156654,0.01242296,0.008500046,0.003688163,0.003324573,0.001752032,0.000438479,0.000405,0.005046827,0.003453144,0.001498316,0.001350608,0.000711763,0.000178,0.000165,0.004622194,0.020799874,0.04783971,0.053733008,0.044571158,0.025566512,0.0108,0.00763,0.00063,0.020799874,0.04783971,0.053733008,0.044571158,0.023009861,0.009706608,0.006863958,0.000567,0.002556651,0.001078512,0.000762662,6.30E-05,0,0,0,0,0,0,0,0.001386658,0.002311097,0.034666457,0.01213326,0.010014754,0.002079987,0.000630299,0.000578,0,0.032719916,0.069618309,0.049356804,0.035503898,0.009840184,0,0,0,0,0,0,0,0,0,0,0,0,0,0,0,0,0,0,0,0,0,0,0,0,0,0,0,0,0,0,0,0,0,0,0,0,0,0,0,0,0,0,0,0,0,0,0,0,0,0,0
238.5241562,605.1819084,3.6,5.6,0.006692821,0.010783314,0.011285171,0.009705437,0.010216401,0.003033029,0.002734024,0.001244341,0.000570936,0.000527498,0.011712436,0.044481169,0.060939922,0.0310574,0.021250114,0.009220409,0.008311432,0.004380079,0.001096198,0.001012797,0.008087485,0.010156654,0.01242296,0.008500046,0.003688163,0.003324573,0.001752032,0.000438479,0.000405,0.005046827,0.003453144,0.001498316,0.001350608,0.000711763,0.000178,0.000165,0.004622194,0.020799874,0.04783971,0.053733008,0.044571158,0.025566512,0.0108,0.00763,0.00063,0.020799874,0.04783971,0.053733008,0.044571158,0.023009861,0.009706608,0.006863958,0.000567,0.002556651,0.001078512,0.000762662,6.30E-05,0,0,0,0,0,0,0,0.001386658,0.002311097,0.034666457,0.01213326,0.010014754,0.002079987,0.000630299,0.000578,0,0.032719916,0.069618309,0.049356804,0.035503898,0.009840184,0,0,0,0,0,0,0,0,0,0,0,0,0,0,0,0,0,0,0,0,0,0,0,0,0,0,0,0,0,0,0,0,0,0,0,0,0,0,0,0,0,0,0,0,0,0,0,0,0,0,0
170.8270935,629.148965,3.6,5.676358384,0.006692821,0.010783314,0.011285171,0.009705437,0.010216401,0.003033029,0.002734024,0.001244341,0.000570936,0.000527498,0.011712436,0.044481169,0.060939922,0.0310574,0.021250114,0.009220409,0.008311432,0.004380079,0.001096198,0.001012797,0.008087485,0.010156654,0.01242296,0.008500046,0.003688163,0.003324573,0.001752032,0.000438479,0.000405,0.005046827,0.003453144,0.001498316,0.001350608,0.000711763,0.000178,0.000165,0.004622194,0.020799874,0.04783971,0.053733008,0.044571158,0.025566512,0.0108,0.00763,0.00063,0.020799874,0.04783971,0.053733008,0.044571158,0.023009861,0.009706608,0.006863958,0.000567,0.002556651,0.001078512,0.000762662,6.30E-05,0,0,0,0,0,0,0,0.001386658,0.002311097,0.034666457,0.01213326,0.010014754,0.002079987,0.000630299,0.000578,0,0.032719916,0.069618309,0.049356804,0.035503898,0.009840184,0,0,0,0,0,0,0,0,0,0,0,0,0,0,0,0,0,0,0,0,0,0,0,0,0,0,0,0,0,0,0,0,0,0,0,0,0,0,0,0,0,0,0,0,0,0,0,0,0,0,0
40,573.0156969,3.6,5.6,0.006692821,0.010783314,0.011285171,0.009705437,0.010216401,0.003033029,0.002734024,0.001244341,0.000570936,0.000527498,0.011712436,0.044481169,0.060939922,0.0310574,0.021250114,0.009220409,0.008311432,0.004380079,0.001096198,0.001012797,0.008087485,0.010156654,0.01242296,0.008500046,0.003688163,0.003324573,0.001752032,0.000438479,0.000405,0.005046827,0.003453144,0.001498316,0.001350608,0.000711763,0.000178,0.000165,0.004622194,0.020799874,0.04783971,0.053733008,0.044571158,0.025566512,0.0108,0.00763,0.00063,0.020799874,0.04783971,0.053733008,0.044571158,0.023009861,0.009706608,0.006863958,0.000567,0.002556651,0.001078512,0.000762662,6.30E-05,0,0,0,0,0,0,0,0.001386658,0.002311097,0.034666457,0.01213326,0.010014754,0.002079987,0.000630299,0.000578,0,0.032719916,0.069618309,0.049356804,0.035503898,0.009840184,0,0,0,0,0,0,0,0,0,0,0,0,0,0,0,0,0,0,0,0,0,0,0,0,0,0,0,0,0,0,0,0,0,0,0,0,0,0,0,0,0,0,0,0,0,0,0,0,0,0,0
40,602.2688646,3.6,5.6,0.006692821,0.010783314,0.011285171,0.009705437,0.010216401,0.003033029,0.002734024,0.001244341,0.000570936,0.000527498,0.011712436,0.044481169,0.060939922,0.0310574,0.021250114,0.009220409,0.008311432,0.004380079,0.001096198,0.001012797,0.008087485,0.010156654,0.01242296,0.008500046,0.003688163,0.003324573,0.001752032,0.000438479,0.000405,0.005046827,0.003453144,0.001498316,0.001350608,0.000711763,0.000178,0.000165,0.004622194,0.020799874,0.04783971,0.053733008,0.044571158,0.025566512,0.0108,0.00763,0.00063,0.020799874,0.04783971,0.053733008,0.044571158,0.023009861,0.009706608,0.006863958,0.000567,0.002556651,0.001078512,0.000762662,6.30E-05,0,0,0,0,0,0,0,0.001386658,0.002311097,0.034666457,0.01213326,0.010014754,0.002079987,0.000630299,0.000578,0,0.032719916,0.069618309,0.049356804,0.035503898,0.009840184,0,0,0,0,0,0,0,0,0,0,0,0,0,0,0,0,0,0,0,0,0,0,0,0,0,0,0,0,0,0,0,0,0,0,0,0,0,0,0,0,0,0,0,0,0,0,0,0,0,0,0
40.19135641,688.7190034,3.6,5.6,0.006692821,0.010783314,0.011285171,0.009705437,0.010216401,0.003033029,0.002734024,0.001244341,0.000570936,0.000527498,0.011712436,0.044481169,0.060939922,0.0310574,0.021250114,0.009220409,0.008311432,0.004380079,0.001096198,0.001012797,0.008087485,0.010156654,0.01242296,0.008500046,0.003688163,0.003324573,0.001752032,0.000438479,0.000405,0.005046827,0.003453144,0.001498316,0.001350608,0.000711763,0.000178,0.000165,0.004622194,0.020799874,0.04783971,0.053733008,0.044571158,0.025566512,0.0108,0.00763,0.00063,0.020799874,0.04783971,0.053733008,0.044571158,0.023009861,0.009706608,0.006863958,0.000567,0.002556651,0.001078512,0.000762662,6.30E-05,0,0,0,0,0,0,0,0.001386658,0.002311097,0.034666457,0.01213326,0.010014754,0.002079987,0.000630299,0.000578,0,0.032719916,0.069618309,0.049356804,0.035503898,0.009840184,0,0,0,0,0,0,0,0,0,0,0,0,0,0,0,0,0,0,0,0,0,0,0,0,0,0,0,0,0,0,0,0,0,0,0,0,0,0,0,0,0,0,0,0,0,0,0,0,0,0,0
190.9298357,627.0140553,3.6,5.6,0.006692821,0.010783314,0.011285171,0.009705437,0.010216401,0.003033029,0.002734024,0.001244341,0.000570936,0.000527498,0.011712436,0.044481169,0.060939922,0.0310574,0.021250114,0.009220409,0.008311432,0.004380079,0.001096198,0.001012797,0.008087485,0.010156654,0.01242296,0.008500046,0.003688163,0.003324573,0.001752032,0.000438479,0.000405,0.005046827,0.003453144,0.001498316,0.001350608,0.000711763,0.000178,0.000165,0.004622194,0.020799874,0.04783971,0.053733008,0.044571158,0.025566512,0.0108,0.00763,0.00063,0.020799874,0.04783971,0.053733008,0.044571158,0.023009861,0.009706608,0.006863958,0.000567,0.002556651,0.001078512,0.000762662,6.30E-05,0,0,0,0,0,0,0,0.001386658,0.002311097,0.034666457,0.01213326,0.010014754,0.002079987,0.000630299,0.000578,0,0.032719916,0.069618309,0.049356804,0.035503898,0.009840184,0,0,0,0,0,0,0,0,0,0,0,0,0,0,0,0,0,0,0,0,0,0,0,0,0,0,0,0,0,0,0,0,0,0,0,0,0,0,0,0,0,0,0,0,0,0,0,0,0,0,0
40,605.4276621,3.6,5.6,0.006692821,0.010783314,0.011285171,0.009705437,0.010216401,0.003033029,0.002734024,0.001244341,0.000570936,0.000527498,0.011712436,0.044481169,0.060939922,0.0310574,0.021250114,0.009220409,0.008311432,0.004380079,0.001096198,0.001012797,0.008087485,0.010156654,0.01242296,0.008500046,0.003688163,0.003324573,0.001752032,0.000438479,0.000405,0.005046827,0.003453144,0.001498316,0.001350608,0.000711763,0.000178,0.000165,0.004622194,0.020799874,0.04783971,0.053733008,0.044571158,0.025566512,0.0108,0.00763,0.00063,0.020799874,0.04783971,0.053733008,0.044571158,0.023009861,0.009706608,0.006863958,0.000567,0.002556651,0.001078512,0.000762662,6.30E-05,0,0,0,0,0,0,0,0.001386658,0.002311097,0.034666457,0.01213326,0.010014754,0.002079987,0.000630299,0.000578,0,0.032719916,0.069618309,0.049356804,0.035503898,0.009840184,0,0,0,0,0,0,0,0,0,0,0,0,0,0,0,0,0,0,0,0,0,0,0,0,0,0,0,0,0,0,0,0,0,0,0,0,0,0,0,0,0,0,0,0,0,0,0,0,0,0,0
250.6719787,598.9980649,3.6,5.6,0.006692821,0.010783314,0.011285171,0.009705437,0.010216401,0.003033029,0.002734024,0.001244341,0.000570936,0.000527498,0.011712436,0.044481169,0.060939922,0.0310574,0.021250114,0.009220409,0.008311432,0.004380079,0.001096198,0.001012797,0.008087485,0.010156654,0.01242296,0.008500046,0.003688163,0.003324573,0.001752032,0.000438479,0.000405,0.005046827,0.003453144,0.001498316,0.001350608,0.000711763,0.000178,0.000165,0.004622194,0.020799874,0.04783971,0.053733008,0.044571158,0.025566512,0.0108,0.00763,0.00063,0.020799874,0.04783971,0.053733008,0.044571158,0.023009861,0.009706608,0.006863958,0.000567,0.002556651,0.001078512,0.000762662,6.30E-05,0,0,0,0,0,0,0,0.001386658,0.002311097,0.034666457,0.01213326,0.010014754,0.002079987,0.000630299,0.000578,0,0.032719916,0.069618309,0.049356804,0.035503898,0.009840184,0,0,0,0,0,0,0,0,0,0,0,0,0,0,0,0,0,0,0,0,0,0,0,0,0,0,0,0,0,0,0,0,0,0,0,0,0,0,0,0,0,0,0,0,0,0,0,0,0,0,0
40,629.5491513,3.6,5.6,0.006692821,0.010783314,0.011285171,0.009705437,0.010216401,0.003033029,0.002734024,0.001244341,0.000570936,0.000527498,0.011712436,0.044481169,0.060939922,0.0310574,0.021250114,0.009220409,0.008311432,0.004380079,0.001096198,0.001012797,0.008087485,0.010156654,0.01242296,0.008500046,0.003688163,0.003324573,0.001752032,0.000438479,0.000405,0.005046827,0.003453144,0.001498316,0.001350608,0.000711763,0.000178,0.000165,0.004622194,0.020799874,0.04783971,0.053733008,0.044571158,0.025566512,0.0108,0.00763,0.00063,0.020799874,0.04783971,0.053733008,0.044571158,0.023009861,0.009706608,0.006863958,0.000567,0.002556651,0.001078512,0.000762662,6.30E-05,0,0,0,0,0,0,0,0.001386658,0.002311097,0.034666457,0.01213326,0.010014754,0.002079987,0.000630299,0.000578,0,0.032719916,0.069618309,0.049356804,0.035503898,0.009840184,0,0,0,0,0,0,0,0,0,0,0,0,0,0,0,0,0,0,0,0,0,0,0,0,0,0,0,0,0,0,0,0,0,0,0,0,0,0,0,0,0,0,0,0,0,0,0,0,0,0,0
62.33842263,680,3.6,5.578858153,0.006692821,0.010783314,0.011285171,0.009705437,0.010216401,0.003033029,0.002734024,0.001244341,0.000570936,0.000527498,0.011712436,0.044481169,0.060939922,0.0310574,0.021250114,0.009220409,0.008311432,0.004380079,0.001096198,0.001012797,0.008087485,0.010156654,0.01242296,0.008500046,0.003688163,0.003324573,0.001752032,0.000438479,0.000405,0.005046827,0.003453144,0.001498316,0.001350608,0.000711763,0.000178,0.000165,0.004622194,0.020799874,0.04783971,0.053733008,0.044571158,0.025566512,0.0108,0.00763,0.00063,0.020799874,0.04783971,0.053733008,0.044571158,0.023009861,0.009706608,0.006863958,0.000567,0.002556651,0.001078512,0.000762662,6.30E-05,0,0,0,0,0,0,0,0.001386658,0.002311097,0.034666457,0.01213326,0.010014754,0.002079987,0.000630299,0.000578,0,0.032719916,0.069618309,0.049356804,0.035503898,0.009840184,0,0,0,0,0,0,0,0,0,0,0,0,0,0,0,0,0,0,0,0,0,0,0,0,0,0,0,0,0,0,0,0,0,0,0,0,0,0,0,0,0,0,0,0,0,0,0,0,0,0,0
93.98906197,669.2712016,3.6,5.6,0.006692821,0.010783314,0.011285171,0.009705437,0.010216401,0.003033029,0.002734024,0.001244341,0.000570936,0.000527498,0.011712436,0.044481169,0.060939922,0.0310574,0.021250114,0.009220409,0.008311432,0.004380079,0.001096198,0.001012797,0.008087485,0.010156654,0.01242296,0.008500046,0.003688163,0.003324573,0.001752032,0.000438479,0.000405,0.005046827,0.003453144,0.001498316,0.001350608,0.000711763,0.000178,0.000165,0.004622194,0.020799874,0.04783971,0.053733008,0.044571158,0.025566512,0.0108,0.00763,0.00063,0.020799874,0.04783971,0.053733008,0.044571158,0.023009861,0.009706608,0.006863958,0.000567,0.002556651,0.001078512,0.000762662,6.30E-05,0,0,0,0,0,0,0,0.001386658,0.002311097,0.034666457,0.01213326,0.010014754,0.002079987,0.000630299,0.000578,0,0.032719916,0.069618309,0.049356804,0.035503898,0.009840184,0,0,0,0,0,0,0,0,0,0,0,0,0,0,0,0,0,0,0,0,0,0,0,0,0,0,0,0,0,0,0,0,0,0,0,0,0,0,0,0,0,0,0,0,0,0,0,0,0,0,0
244.0421172,602.466576,3.6,5.6,0.006692821,0.010783314,0.011285171,0.009705437,0.010216401,0.003033029,0.002734024,0.001244341,0.000570936,0.000527498,0.011712436,0.044481169,0.060939922,0.0310574,0.021250114,0.009220409,0.008311432,0.004380079,0.001096198,0.001012797,0.008087485,0.010156654,0.01242296,0.008500046,0.003688163,0.003324573,0.001752032,0.000438479,0.000405,0.005046827,0.003453144,0.001498316,0.001350608,0.000711763,0.000178,0.000165,0.004622194,0.020799874,0.04783971,0.053733008,0.044571158,0.025566512,0.0108,0.00763,0.00063,0.020799874,0.04783971,0.053733008,0.044571158,0.023009861,0.009706608,0.006863958,0.000567,0.002556651,0.001078512,0.000762662,6.30E-05,0,0,0,0,0,0,0,0.001386658,0.002311097,0.034666457,0.01213326,0.010014754,0.002079987,0.000630299,0.000578,0,0.032719916,0.069618309,0.049356804,0.035503898,0.009840184,0,0,0,0,0,0,0,0,0,0,0,0,0,0,0,0,0,0,0,0,0,0,0,0,0,0,0,0,0,0,0,0,0,0,0,0,0,0,0,0,0,0,0,0,0,0,0,0,0,0,0
207.8434805,619.5088343,3.6,5.6,0.006692821,0.010783314,0.011285171,0.009705437,0.010216401,0.003033029,0.002734024,0.001244341,0.000570936,0.000527498,0.011712436,0.044481169,0.060939922,0.0310574,0.021250114,0.009220409,0.008311432,0.004380079,0.001096198,0.001012797,0.008087485,0.010156654,0.01242296,0.008500046,0.003688163,0.003324573,0.001752032,0.000438479,0.000405,0.005046827,0.003453144,0.001498316,0.001350608,0.000711763,0.000178,0.000165,0.004622194,0.020799874,0.04783971,0.053733008,0.044571158,0.025566512,0.0108,0.00763,0.00063,0.020799874,0.04783971,0.053733008,0.044571158,0.023009861,0.009706608,0.006863958,0.000567,0.002556651,0.001078512,0.000762662,6.30E-05,0,0,0,0,0,0,0,0.001386658,0.002311097,0.034666457,0.01213326,0.010014754,0.002079987,0.000630299,0.000578,0,0.032719916,0.069618309,0.049356804,0.035503898,0.009840184,0,0,0,0,0,0,0,0,0,0,0,0,0,0,0,0,0,0,0,0,0,0,0,0,0,0,0,0,0,0,0,0,0,0,0,0,0,0,0,0,0,0,0,0,0,0,0,0,0,0,0
85.1672677,680,3.6,5.346741158,0.006692821,0.010783314,0.011285171,0.009705437,0.010216401,0.003033029,0.002734024,0.001244341,0.000570936,0.000527498,0.011712436,0.044481169,0.060939922,0.0310574,0.021250114,0.009220409,0.008311432,0.004380079,0.001096198,0.001012797,0.008087485,0.010156654,0.01242296,0.008500046,0.003688163,0.003324573,0.001752032,0.000438479,0.000405,0.005046827,0.003453144,0.001498316,0.001350608,0.000711763,0.000178,0.000165,0.004622194,0.020799874,0.04783971,0.053733008,0.044571158,0.025566512,0.0108,0.00763,0.00063,0.020799874,0.04783971,0.053733008,0.044571158,0.023009861,0.009706608,0.006863958,0.000567,0.002556651,0.001078512,0.000762662,6.30E-05,0,0,0,0,0,0,0,0.001386658,0.002311097,0.034666457,0.01213326,0.010014754,0.002079987,0.000630299,0.000578,0,0.032719916,0.069618309,0.049356804,0.035503898,0.009840184,0,0,0,0,0,0,0,0,0,0,0,0,0,0,0,0,0,0,0,0,0,0,0,0,0,0,0,0,0,0,0,0,0,0,0,0,0,0,0,0,0,0,0,0,0,0,0,0,0,0,0
118.6989597,659.1402037,3.6,5.6,0.006692821,0.010783314,0.011285171,0.009705437,0.010216401,0.003033029,0.002734024,0.001244341,0.000570936,0.000527498,0.011712436,0.044481169,0.060939922,0.0310574,0.021250114,0.009220409,0.008311432,0.004380079,0.001096198,0.001012797,0.008087485,0.010156654,0.01242296,0.008500046,0.003688163,0.003324573,0.001752032,0.000438479,0.000405,0.005046827,0.003453144,0.001498316,0.001350608,0.000711763,0.000178,0.000165,0.004622194,0.020799874,0.04783971,0.053733008,0.044571158,0.025566512,0.0108,0.00763,0.00063,0.020799874,0.04783971,0.053733008,0.044571158,0.023009861,0.009706608,0.006863958,0.000567,0.002556651,0.001078512,0.000762662,6.30E-05,0,0,0,0,0,0,0,0.001386658,0.002311097,0.034666457,0.01213326,0.010014754,0.002079987,0.000630299,0.000578,0,0.032719916,0.069618309,0.049356804,0.035503898,0.009840184,0,0,0,0,0,0,0,0,0,0,0,0,0,0,0,0,0,0,0,0,0,0,0,0,0,0,0,0,0,0,0,0,0,0,0,0,0,0,0,0,0,0,0,0,0,0,0,0,0,0,0
85.60422438,680,3.6,5.342335914,0.006692821,0.010783314,0.011285171,0.009705437,0.010216401,0.003033029,0.002734024,0.001244341,0.000570936,0.000527498,0.011712436,0.044481169,0.060939922,0.0310574,0.021250114,0.009220409,0.008311432,0.004380079,0.001096198,0.001012797,0.008087485,0.010156654,0.01242296,0.008500046,0.003688163,0.003324573,0.001752032,0.000438479,0.000405,0.005046827,0.003453144,0.001498316,0.001350608,0.000711763,0.000178,0.000165,0.004622194,0.020799874,0.04783971,0.053733008,0.044571158,0.025566512,0.0108,0.00763,0.00063,0.020799874,0.04783971,0.053733008,0.044571158,0.023009861,0.009706608,0.006863958,0.000567,0.002556651,0.001078512,0.000762662,6.30E-05,0,0,0,0,0,0,0,0.001386658,0.002311097,0.034666457,0.01213326,0.010014754,0.002079987,0.000630299,0.000578,0,0.032719916,0.069618309,0.049356804,0.035503898,0.009840184,0,0,0,0,0,0,0,0,0,0,0,0,0,0,0,0,0,0,0,0,0,0,0,0,0,0,0,0,0,0,0,0,0,0,0,0,0,0,0,0,0,0,0,0,0,0,0,0,0,0,0
40,587.7258848,3.6,5.6,0.006692821,0.010783314,0.011285171,0.009705437,0.010216401,0.003033029,0.002734024,0.001244341,0.000570936,0.000527498,0.011712436,0.044481169,0.060939922,0.0310574,0.021250114,0.009220409,0.008311432,0.004380079,0.001096198,0.001012797,0.008087485,0.010156654,0.01242296,0.008500046,0.003688163,0.003324573,0.001752032,0.000438479,0.000405,0.005046827,0.003453144,0.001498316,0.001350608,0.000711763,0.000178,0.000165,0.004622194,0.020799874,0.04783971,0.053733008,0.044571158,0.025566512,0.0108,0.00763,0.00063,0.020799874,0.04783971,0.053733008,0.044571158,0.023009861,0.009706608,0.006863958,0.000567,0.002556651,0.001078512,0.000762662,6.30E-05,0,0,0,0,0,0,0,0.001386658,0.002311097,0.034666457,0.01213326,0.010014754,0.002079987,0.000630299,0.000578,0,0.032719916,0.069618309,0.049356804,0.035503898,0.009840184,0,0,0,0,0,0,0,0,0,0,0,0,0,0,0,0,0,0,0,0,0,0,0,0,0,0,0,0,0,0,0,0,0,0,0,0,0,0,0,0,0,0,0,0,0,0,0,0,0,0,0
85.99647264,680,3.6,5.338384674,0.006692821,0.010783314,0.011285171,0.009705437,0.010216401,0.003033029,0.002734024,0.001244341,0.000570936,0.000527498,0.011712436,0.044481169,0.060939922,0.0310574,0.021250114,0.009220409,0.008311432,0.004380079,0.001096198,0.001012797,0.008087485,0.010156654,0.01242296,0.008500046,0.003688163,0.003324573,0.001752032,0.000438479,0.000405,0.005046827,0.003453144,0.001498316,0.001350608,0.000711763,0.000178,0.000165,0.004622194,0.020799874,0.04783971,0.053733008,0.044571158,0.025566512,0.0108,0.00763,0.00063,0.020799874,0.04783971,0.053733008,0.044571158,0.023009861,0.009706608,0.006863958,0.000567,0.002556651,0.001078512,0.000762662,6.30E-05,0,0,0,0,0,0,0,0.001386658,0.002311097,0.034666457,0.01213326,0.010014754,0.002079987,0.000630299,0.000578,0,0.032719916,0.069618309,0.049356804,0.035503898,0.009840184,0,0,0,0,0,0,0,0,0,0,0,0,0,0,0,0,0,0,0,0,0,0,0,0,0,0,0,0,0,0,0,0,0,0,0,0,0,0,0,0,0,0,0,0,0,0,0,0,0,0,0
225.4051778,608.3636307,3.6,5.622083079,0.006692821,0.010783314,0.011285171,0.009705437,0.010216401,0.003033029,0.002734024,0.001244341,0.000570936,0.000527498,0.011712436,0.044481169,0.060939922,0.0310574,0.021250114,0.009220409,0.008311432,0.004380079,0.001096198,0.001012797,0.008087485,0.010156654,0.01242296,0.008500046,0.003688163,0.003324573,0.001752032,0.000438479,0.000405,0.005046827,0.003453144,0.001498316,0.001350608,0.000711763,0.000178,0.000165,0.004622194,0.020799874,0.04783971,0.053733008,0.044571158,0.025566512,0.0108,0.00763,0.00063,0.020799874,0.04783971,0.053733008,0.044571158,0.023009861,0.009706608,0.006863958,0.000567,0.002556651,0.001078512,0.000762662,6.30E-05,0,0,0,0,0,0,0,0.001386658,0.002311097,0.034666457,0.01213326,0.010014754,0.002079987,0.000630299,0.000578,0,0.032719916,0.069618309,0.049356804,0.035503898,0.009840184,0,0,0,0,0,0,0,0,0,0,0,0,0,0,0,0,0,0,0,0,0,0,0,0,0,0,0,0,0,0,0,0,0,0,0,0,0,0,0,0,0,0,0,0,0,0,0,0,0,0,0
135.4996539,642.6440363,3.6,5.711755092,0.006692821,0.010783314,0.011285171,0.009705437,0.010216401,0.003033029,0.002734024,0.001244341,0.000570936,0.000527498,0.011712436,0.044481169,0.060939922,0.0310574,0.021250114,0.009220409,0.008311432,0.004380079,0.001096198,0.001012797,0.008087485,0.010156654,0.01242296,0.008500046,0.003688163,0.003324573,0.001752032,0.000438479,0.000405,0.005046827,0.003453144,0.001498316,0.001350608,0.000711763,0.000178,0.000165,0.004622194,0.020799874,0.04783971,0.053733008,0.044571158,0.025566512,0.0108,0.00763,0.00063,0.020799874,0.04783971,0.053733008,0.044571158,0.023009861,0.009706608,0.006863958,0.000567,0.002556651,0.001078512,0.000762662,6.30E-05,0,0,0,0,0,0,0,0.001386658,0.002311097,0.034666457,0.01213326,0.010014754,0.002079987,0.000630299,0.000578,0,0.032719916,0.069618309,0.049356804,0.035503898,0.009840184,0,0,0,0,0,0,0,0,0,0,0,0,0,0,0,0,0,0,0,0,0,0,0,0,0,0,0,0,0,0,0,0,0,0,0,0,0,0,0,0,0,0,0,0,0,0,0,0,0,0,0
157.4106628,680,3.6,4.616448783,0.006692821,0.010783314,0.011285171,0.009705437,0.010216401,0.003033029,0.002734024,0.001244341,0.000570936,0.000527498,0.011712436,0.044481169,0.060939922,0.0310574,0.021250114,0.009220409,0.008311432,0.004380079,0.001096198,0.001012797,0.008087485,0.010156654,0.01242296,0.008500046,0.003688163,0.003324573,0.001752032,0.000438479,0.000405,0.005046827,0.003453144,0.001498316,0.001350608,0.000711763,0.000178,0.000165,0.004622194,0.020799874,0.04783971,0.053733008,0.044571158,0.025566512,0.0108,0.00763,0.00063,0.020799874,0.04783971,0.053733008,0.044571158,0.023009861,0.009706608,0.006863958,0.000567,0.002556651,0.001078512,0.000762662,6.30E-05,0,0,0,0,0,0,0,0.001386658,0.002311097,0.034666457,0.01213326,0.010014754,0.002079987,0.000630299,0.000578,0,0.032719916,0.069618309,0.049356804,0.035503898,0.009840184,0,0,0,0,0,0,0,0,0,0,0,0,0,0,0,0,0,0,0,0,0,0,0,0,0,0,0,0,0,0,0,0,0,0,0,0,0,0,0,0,0,0,0,0,0,0,0,0,0,0,0
67.69912831,678.8237891,3.6,5.6,0.006692821,0.010783314,0.011285171,0.009705437,0.010216401,0.003033029,0.002734024,0.001244341,0.000570936,0.000527498,0.011712436,0.044481169,0.060939922,0.0310574,0.021250114,0.009220409,0.008311432,0.004380079,0.001096198,0.001012797,0.008087485,0.010156654,0.01242296,0.008500046,0.003688163,0.003324573,0.001752032,0.000438479,0.000405,0.005046827,0.003453144,0.001498316,0.001350608,0.000711763,0.000178,0.000165,0.004622194,0.020799874,0.04783971,0.053733008,0.044571158,0.025566512,0.0108,0.00763,0.00063,0.020799874,0.04783971,0.053733008,0.044571158,0.023009861,0.009706608,0.006863958,0.000567,0.002556651,0.001078512,0.000762662,6.30E-05,0,0,0,0,0,0,0,0.001386658,0.002311097,0.034666457,0.01213326,0.010014754,0.002079987,0.000630299,0.000578,0,0.032719916,0.069618309,0.049356804,0.035503898,0.009840184,0,0,0,0,0,0,0,0,0,0,0,0,0,0,0,0,0,0,0,0,0,0,0,0,0,0,0,0,0,0,0,0,0,0,0,0,0,0,0,0,0,0,0,0,0,0,0,0,0,0,0
193.1799353,680,3.6,4.182644153,0.006692821,0.010783314,0.011285171,0.009705437,0.010216401,0.003033029,0.002734024,0.001244341,0.000570936,0.000527498,0.011712436,0.044481169,0.060939922,0.0310574,0.021250114,0.009220409,0.008311432,0.004380079,0.001096198,0.001012797,0.008087485,0.010156654,0.01242296,0.008500046,0.003688163,0.003324573,0.001752032,0.000438479,0.000405,0.005046827,0.003453144,0.001498316,0.001350608,0.000711763,0.000178,0.000165,0.004622194,0.020799874,0.04783971,0.053733008,0.044571158,0.025566512,0.0108,0.00763,0.00063,0.020799874,0.04783971,0.053733008,0.044571158,0.023009861,0.009706608,0.006863958,0.000567,0.002556651,0.001078512,0.000762662,6.30E-05,0,0,0,0,0,0,0,0.001386658,0.002311097,0.034666457,0.01213326,0.010014754,0.002079987,0.000630299,0.000578,0,0.032719916,0.069618309,0.049356804,0.035503898,0.009840184,0,0,0,0,0,0,0,0,0,0,0,0,0,0,0,0,0,0,0,0,0,0,0,0,0,0,0,0,0,0,0,0,0,0,0,0,0,0,0,0,0,0,0,0,0,0,0,0,0,0,0
